survival_time,survival_rate,total_gains,gain,efficiency,equality,over_usage,gains_by_agent,scenario,model,run,Type
1,0.0,100.0,20.0,16.666666666666664,67.6,40.0,"{'persona_0': 29.0, 'persona_1': 41.0, 'persona_2': 10.0, 'persona_3': 10.0, 'persona_4': 10.0}",fishing_v6.4_final,DeepSeek-R1-Distill-Llama-8B,clean-leaf-618,run
1,0.0,100.0,20.0,16.666666666666664,68.8,40.0,"{'persona_0': 32.0, 'persona_1': 38.0, 'persona_2': 10.0, 'persona_3': 10.0, 'persona_4': 10.0}",fishing_v6.4_final,DeepSeek-R1-Distill-Llama-8B,deep-firebrand-623,run
1,0.0,100.0,20.0,16.666666666666664,69.6,40.0,"{'persona_0': 34.0, 'persona_1': 36.0, 'persona_2': 10.0, 'persona_3': 10.0, 'persona_4': 10.0}",fishing_v6.4_final,DeepSeek-R1-Distill-Llama-8B,devout-blaze-626,run
1,0.0,100.0,20.0,16.666666666666664,69.6,40.0,"{'persona_0': 36.0, 'persona_1': 34.0, 'persona_2': 10.0, 'persona_3': 10.0, 'persona_4': 10.0}",fishing_v6.4_final,DeepSeek-R1-Distill-Llama-8B,glamorous-dragon-622,run
1,0.0,100.0,20.0,16.666666666666664,76.0,60.0,"{'persona_0': 30.0, 'persona_1': 30.0, 'persona_2': 10.0, 'persona_3': 10.0, 'persona_4': 20.0}",fishing_v6.4_final,DeepSeek-R1-Distill-Llama-8B,hearty-firebrand-603,run
1,0.0,100.0,20.0,16.666666666666664,92.80000000000001,100.0,"{'persona_0': 19.0, 'persona_1': 22.0, 'persona_2': 18.0, 'persona_3': 17.0, 'persona_4': 24.0}",fishing_v6.4_final,Meta-Llama-2-13B,amber-bush-183,run
1,0.0,100.0,20.0,16.666666666666664,91.2,100.0,"{'persona_0': 19.0, 'persona_1': 22.0, 'persona_2': 16.0, 'persona_3': 25.0, 'persona_4': 18.0}",fishing_v6.4_final,Meta-Llama-2-13B,deft-spaceship-83,run
1,0.0,100.0,20.0,16.666666666666664,92.4,100.0,"{'persona_0': 19.0, 'persona_1': 22.0, 'persona_2': 21.0, 'persona_3': 15.0, 'persona_4': 23.0}",fishing_v6.4_final,Meta-Llama-2-13B,dutiful-water-84,run
1,0.0,100.0,20.0,16.666666666666664,88.0,100.0,"{'persona_0': 23.0, 'persona_1': 27.0, 'persona_2': 15.0, 'persona_3': 17.0, 'persona_4': 18.0}",fishing_v6.4_final,Meta-Llama-2-13B,lunar-music-180,run
1,0.0,100.0,20.0,16.666666666666664,83.2,100.0,"{'persona_0': 15.0, 'persona_1': 23.0, 'persona_2': 29.0, 'persona_3': 12.0, 'persona_4': 21.0}",fishing_v6.4_final,Meta-Llama-2-13B,lyric-sponge-82,run
1,0.0,100.0,20.0,16.666666666666664,94.8,100.0,"{'persona_0': 18.0, 'persona_1': 19.0, 'persona_2': 24.0, 'persona_3': 20.0, 'persona_4': 19.0}",fishing_v6.4_final,Meta-Llama-2-7B,dashing-dragon-386,run
1,0.0,100.0,20.0,16.666666666666664,88.4,100.0,"{'persona_0': 28.0, 'persona_1': 20.0, 'persona_2': 15.0, 'persona_3': 17.0, 'persona_4': 20.0}",fishing_v6.4_final,Meta-Llama-2-7B,llama2_7b_fishing_seed1,run
1,0.0,100.0,20.0,16.666666666666664,87.6,100.0,"{'persona_0': 15.0, 'persona_1': 25.0, 'persona_2': 26.0, 'persona_3': 18.0, 'persona_4': 16.0}",fishing_v6.4_final,Meta-Llama-2-7B,llama2_7b_fishing_seed100,run
1,0.0,100.0,20.0,16.666666666666664,95.6,100.0,"{'persona_0': 21.0, 'persona_1': 22.0, 'persona_2': 20.0, 'persona_3': 17.0, 'persona_4': 20.0}",fishing_v6.4_final,Meta-Llama-2-7B,llama2_7b_fishing_seed42,run
1,0.0,100.0,20.0,16.666666666666664,92.0,100.0,"{'persona_0': 17.0, 'persona_1': 17.0, 'persona_2': 23.0, 'persona_3': 24.0, 'persona_4': 19.0}",fishing_v6.4_final,Meta-Llama-2-7B,logical-waterfall-385,run
2,0.0,110.0,22.0,18.333333333333336,94.54545454545455,80.0,"{'persona_0': 22.0, 'persona_1': 21.0, 'persona_2': 19.0, 'persona_3': 26.0, 'persona_4': 22.0}",fishing_v6.4_final,Meta-Llama-3-8B,atomic-cloud-247,run
2,0.0,110.0,22.0,18.333333333333336,94.54545454545455,90.0,"{'persona_0': 18.0, 'persona_1': 25.0, 'persona_2': 22.0, 'persona_3': 22.0, 'persona_4': 23.0}",fishing_v6.4_final,Meta-Llama-3-8B,dauntless-rain-261,run
2,0.0,110.0,22.0,18.333333333333336,94.18181818181817,100.0,"{'persona_0': 18.0, 'persona_1': 24.0, 'persona_2': 20.0, 'persona_3': 24.0, 'persona_4': 24.0}",fishing_v6.4_final,Meta-Llama-3-8B,dry-donkey-255,run
2,0.0,110.0,22.0,18.333333333333336,92.72727272727272,100.0,"{'persona_0': 18.0, 'persona_1': 25.0, 'persona_2': 19.0, 'persona_3': 25.0, 'persona_4': 23.0}",fishing_v6.4_final,Meta-Llama-3-8B,pious-firebrand-264,run
2,0.0,110.0,22.0,18.333333333333336,92.36363636363636,90.0,"{'persona_0': 20.0, 'persona_1': 25.0, 'persona_2': 17.0, 'persona_3': 23.0, 'persona_4': 25.0}",fishing_v6.4_final,Meta-Llama-3-8B,stilted-fog-251,run
1,0.0,100.0,20.0,16.666666666666664,74.0,80.0,"{'persona_0': 21.0, 'persona_1': 30.0, 'persona_2': 0.0, 'persona_3': 23.0, 'persona_4': 26.0}",fishing_v6.4_final,Mistral-7B-Instruct-v0.2,denim-serenity-93,run
1,0.0,100.0,20.0,16.666666666666664,72.39999999999999,80.0,"{'persona_0': 27.0, 'persona_1': 30.0, 'persona_2': 0.0, 'persona_3': 25.0, 'persona_4': 18.0}",fishing_v6.4_final,Mistral-7B-Instruct-v0.2,fragrant-aardvark-92,run
1,0.0,100.0,20.0,16.666666666666664,50.0,40.0,"{'persona_0': 40.0, 'persona_1': 5.0, 'persona_2': 0.0, 'persona_3': 10.0, 'persona_4': 45.0}",fishing_v6.4_final,Mistral-7B-Instruct-v0.2,genial-pond-57,run
1,0.0,100.0,20.0,16.666666666666664,50.0,40.0,"{'persona_0': 40.0, 'persona_1': 5.0, 'persona_2': 0.0, 'persona_3': 10.0, 'persona_4': 45.0}",fishing_v6.4_final,Mistral-7B-Instruct-v0.2,noble-voice-60,run
1,0.0,100.0,20.0,16.666666666666664,50.0,40.0,"{'persona_0': 40.0, 'persona_1': 5.0, 'persona_2': 0.0, 'persona_3': 10.0, 'persona_4': 45.0}",fishing_v6.4_final,Mistral-7B-Instruct-v0.2,whole-haze-59,run
12,100.0,600.0,120.0,100.0,100.0,0.0,"{'persona_0': 120.0, 'persona_1': 120.0, 'persona_2': 120.0, 'persona_3': 120.0, 'persona_4': 120.0}",fishing_v6.4_final,Phi-4,daily-fire-328,run
12,100.0,600.0,120.0,100.0,100.0,0.0,"{'persona_0': 120.0, 'persona_1': 120.0, 'persona_2': 120.0, 'persona_3': 120.0, 'persona_4': 120.0}",fishing_v6.4_final,Phi-4,dandy-terrain-331,run
12,100.0,600.0,120.0,100.0,100.0,0.0,"{'persona_0': 120.0, 'persona_1': 120.0, 'persona_2': 120.0, 'persona_3': 120.0, 'persona_4': 120.0}",fishing_v6.4_final,Phi-4,icy-snow-297,run
12,100.0,600.0,120.0,100.0,100.0,0.0,"{'persona_0': 120.0, 'persona_1': 120.0, 'persona_2': 120.0, 'persona_3': 120.0, 'persona_4': 120.0}",fishing_v6.4_final,Phi-4,leafy-lion-329,run
12,100.0,600.0,120.0,100.0,100.0,0.0,"{'persona_0': 120.0, 'persona_1': 120.0, 'persona_2': 120.0, 'persona_3': 120.0, 'persona_4': 120.0}",fishing_v6.4_final,Phi-4,trim-breeze-307,run
3,0.0,110.0,22.0,18.333333333333336,23.636363636363633,6.666666666666667,"{'persona_0': 100.0, 'persona_1': 10.0, 'persona_2': 0.0, 'persona_3': 0.0, 'persona_4': 0.0}",fishing_v6.4_final,Qwen2.5-7B,clear-flower-200,run
3,0.0,120.0,24.0,19.999999999999996,20.333333333333336,13.333333333333334,"{'persona_0': 0.0, 'persona_1': 0.0, 'persona_2': 0.0, 'persona_3': 119.0, 'persona_4': 1.0}",fishing_v6.4_final,Qwen2.5-7B,crimson-fog-199,run
7,0.0,120.0,24.0,19.999999999999996,19.999999999999996,5.714285714285714,"{'persona_0': 0.0, 'persona_1': 120.0, 'persona_2': 0.0, 'persona_3': 0.0, 'persona_4': 0.0}",fishing_v6.4_final,Qwen2.5-7B,ethereal-wood-201,run
9,0.0,134.0,26.8,22.33333333333334,22.985074626865675,4.444444444444445,"{'persona_0': 0.0, 'persona_1': 0.0, 'persona_2': 124.0, 'persona_3': 0.0, 'persona_4': 10.0}",fishing_v6.4_final,Qwen2.5-7B,usual-star-192,run
10,0.0,159.0,31.8,26.5,29.811320754716984,4.0,"{'persona_0': 0.0, 'persona_1': 130.0, 'persona_2': 19.0, 'persona_3': 0.0, 'persona_4': 10.0}",fishing_v6.4_final,Qwen2.5-7B,wise-planet-194,run
12,0.0,585.0,117.0,97.5,89.94871794871796,11.666666666666666,"{'persona_0': 152.0, 'persona_1': 128.0, 'persona_2': 110.0, 'persona_3': 90.0, 'persona_4': 105.0}",fishing_v6.4_final,Systemic_DeepSeek-R1-Distill-Llama-8B,curious-meadow-612,run
5,0.0,234.0,46.8,39.0,85.98290598290599,36.0,"{'persona_0': 34.0, 'persona_1': 40.0, 'persona_2': 46.0, 'persona_3': 72.0, 'persona_4': 42.0}",fishing_v6.4_final,Systemic_DeepSeek-R1-Distill-Llama-8B,easy-plant-613,run
3,0.0,195.0,39.0,32.49999999999999,87.8974358974359,46.666666666666664,"{'persona_0': 30.0, 'persona_1': 40.0, 'persona_2': 29.0, 'persona_3': 45.0, 'persona_4': 51.0}",fishing_v6.4_final,Systemic_DeepSeek-R1-Distill-Llama-8B,magic-fog-628,run
2,0.0,107.0,21.4,17.833333333333336,67.10280373831776,60.0,"{'persona_0': 52.0, 'persona_1': 11.0, 'persona_2': 18.0, 'persona_3': 14.0, 'persona_4': 12.0}",fishing_v6.4_final,Systemic_DeepSeek-R1-Distill-Llama-8B,northern-armadillo-627,run
3,0.0,180.0,36.0,30.000000000000004,88.44444444444444,46.666666666666664,"{'persona_0': 45.0, 'persona_1': 46.0, 'persona_2': 32.0, 'persona_3': 29.0, 'persona_4': 28.0}",fishing_v6.4_final,Systemic_DeepSeek-R1-Distill-Llama-8B,sunny-oath-611,run
2,0.0,121.0,24.2,20.166666666666664,90.41322314049587,90.0,"{'persona_0': 28.0, 'persona_1': 21.0, 'persona_2': 18.0, 'persona_3': 25.0, 'persona_4': 29.0}",fishing_v6.4_final,Systemic_Meta-Llama-3-8B,good-cherry-301,run
5,0.0,221.0,44.2,36.83333333333333,84.25339366515837,60.0,"{'persona_0': 46.0, 'persona_1': 36.0, 'persona_2': 35.0, 'persona_3': 71.0, 'persona_4': 33.0}",fishing_v6.4_final,Systemic_Meta-Llama-3-8B,hearty-monkey-305,run
2,0.0,118.0,23.6,19.666666666666664,86.4406779661017,90.0,"{'persona_0': 25.0, 'persona_1': 31.0, 'persona_2': 26.0, 'persona_3': 24.0, 'persona_4': 12.0}",fishing_v6.4_final,Systemic_Meta-Llama-3-8B,peach-wind-304,run
2,0.0,118.0,23.6,19.666666666666664,86.4406779661017,90.0,"{'persona_0': 24.0, 'persona_1': 28.0, 'persona_2': 30.0, 'persona_3': 24.0, 'persona_4': 12.0}",fishing_v6.4_final,Systemic_Meta-Llama-3-8B,snowy-water-300,run
2,0.0,118.0,23.6,19.666666666666664,83.05084745762711,80.0,"{'persona_0': 21.0, 'persona_1': 34.0, 'persona_2': 21.0, 'persona_3': 29.0, 'persona_4': 13.0}",fishing_v6.4_final,Systemic_Meta-Llama-3-8B,swift-feather-303,run
2,0.0,116.0,23.2,19.333333333333336,68.27586206896552,60.0,"{'persona_0': 30.0, 'persona_1': 14.0, 'persona_2': 8.0, 'persona_3': 46.0, 'persona_4': 18.0}",fishing_v6.4_final,Systemic_Mistral-7B-Instruct-v0.2,clear-serenity-558,run
1,0.0,100.0,20.0,16.666666666666664,68.39999999999999,60.0,"{'persona_0': 20.0, 'persona_1': 8.0, 'persona_2': 25.0, 'persona_3': 39.0, 'persona_4': 8.0}",fishing_v6.4_final,Systemic_Mistral-7B-Instruct-v0.2,hearty-lake-549,run
1,0.0,96.0,19.2,16.000000000000004,68.33333333333333,60.0,"{'persona_0': 20.0, 'persona_1': 8.0, 'persona_2': 8.0, 'persona_3': 40.0, 'persona_4': 20.0}",fishing_v6.4_final,Systemic_Mistral-7B-Instruct-v0.2,logical-wave-551,run
1,0.0,100.0,20.0,16.666666666666664,68.39999999999999,60.0,"{'persona_0': 8.0, 'persona_1': 8.0, 'persona_2': 25.0, 'persona_3': 39.0, 'persona_4': 20.0}",fishing_v6.4_final,Systemic_Mistral-7B-Instruct-v0.2,misunderstood-resonance-553,run
2,0.0,116.0,23.2,19.333333333333336,65.17241379310346,50.0,"{'persona_0': 16.0, 'persona_1': 8.0, 'persona_2': 15.0, 'persona_3': 55.0, 'persona_4': 22.0}",fishing_v6.4_final,Systemic_Mistral-7B-Instruct-v0.2,whole-tree-556,run
2,0.0,140.0,28.0,23.33333333333333,96.0,60.0,"{'persona_0': 32.0, 'persona_1': 26.0, 'persona_2': 28.0, 'persona_3': 28.0, 'persona_4': 26.0}",fishing_v6.4_final,Systemic_Phi-4,cool-pond-442,run
4,0.0,186.0,37.2,31.000000000000007,89.6774193548387,70.0,"{'persona_0': 45.0, 'persona_1': 39.0, 'persona_2': 43.0, 'persona_3': 26.0, 'persona_4': 33.0}",fishing_v6.4_final,Systemic_Phi-4,curious-oath-316,run
3,0.0,166.0,33.2,27.66666666666666,89.3975903614458,66.66666666666666,"{'persona_0': 40.0, 'persona_1': 35.0, 'persona_2': 38.0, 'persona_3': 21.0, 'persona_4': 32.0}",fishing_v6.4_final,Systemic_Phi-4,devoted-microwave-443,run
4,0.0,182.0,36.4,30.333333333333336,95.6043956043956,65.0,"{'persona_0': 39.0, 'persona_1': 31.0, 'persona_2': 39.0, 'persona_3': 35.0, 'persona_4': 38.0}",fishing_v6.4_final,Systemic_Phi-4,devout-sea-318,run
12,100.0,496.0,99.2,82.66666666666667,99.03225806451613,1.6666666666666667,"{'persona_0': 104.0, 'persona_1': 98.0, 'persona_2': 98.0, 'persona_3': 98.0, 'persona_4': 98.0}",fishing_v6.4_final,Systemic_Phi-4,worldly-yogurt-319,run
5,0.0,300.0,60.0,50.0,86.66666666666667,4.0,"{'persona_0': 50.0, 'persona_1': 50.0, 'persona_2': 100.0, 'persona_3': 50.0, 'persona_4': 50.0}",fishing_v6.4_final,Univ_alt_DeepSeek-R1-Distill-Llama-8B,dashing-sky-605,run
2,0.0,150.0,30.0,25.0,62.66666666666667,10.0,"{'persona_0': 20.0, 'persona_1': 20.0, 'persona_2': 10.0, 'persona_3': 80.0, 'persona_4': 20.0}",fishing_v6.4_final,Univ_alt_DeepSeek-R1-Distill-Llama-8B,eager-universe-624,run
3,0.0,165.0,33.0,27.500000000000004,66.7878787878788,33.33333333333333,"{'persona_0': 79.0, 'persona_1': 20.0, 'persona_2': 29.0, 'persona_3': 22.0, 'persona_4': 15.0}",fishing_v6.4_final,Univ_alt_DeepSeek-R1-Distill-Llama-8B,pious-energy-610,run
12,100.0,392.0,78.4,65.33333333333333,85.10204081632654,10.0,"{'persona_0': 93.0, 'persona_1': 88.0, 'persona_2': 36.0, 'persona_3': 75.0, 'persona_4': 100.0}",fishing_v6.4_final,Univ_alt_DeepSeek-R1-Distill-Llama-8B,rare-armadillo-608,run
5,0.0,235.0,47.0,39.16666666666667,85.87234042553192,48.0,"{'persona_0': 45.0, 'persona_1': 40.0, 'persona_2': 34.0, 'persona_3': 43.0, 'persona_4': 73.0}",fishing_v6.4_final,Univ_alt_DeepSeek-R1-Distill-Llama-8B,usual-oath-619,run
4,0.0,205.0,41.0,34.166666666666664,94.53658536585365,75.0,"{'persona_0': 44.0, 'persona_1': 46.0, 'persona_2': 43.0, 'persona_3': 36.0, 'persona_4': 36.0}",fishing_v6.4_final,Univ_alt_Meta-Llama-3-8B,dainty-voice-432,run
3,0.0,175.0,35.0,29.166666666666664,81.25714285714287,60.0,"{'persona_0': 44.0, 'persona_1': 50.0, 'persona_2': 26.0, 'persona_3': 37.0, 'persona_4': 18.0}",fishing_v6.4_final,Univ_alt_Meta-Llama-3-8B,dry-puddle-433,run
3,0.0,156.0,31.2,26.0,82.05128205128204,66.66666666666666,"{'persona_0': 30.0, 'persona_1': 34.0, 'persona_2': 24.0, 'persona_3': 19.0, 'persona_4': 49.0}",fishing_v6.4_final,Univ_alt_Meta-Llama-3-8B,glorious-sound-434,run
12,100.0,331.0,66.2,55.16666666666667,93.95770392749245,6.666666666666667,"{'persona_0': 62.0, 'persona_1': 75.0, 'persona_2': 72.0, 'persona_3': 67.0, 'persona_4': 55.0}",fishing_v6.4_final,Univ_alt_Meta-Llama-3-8B,lilac-firefly-427,run
3,0.0,186.0,37.2,31.000000000000007,78.92473118279571,40.0,"{'persona_0': 18.0, 'persona_1': 40.0, 'persona_2': 63.0, 'persona_3': 32.0, 'persona_4': 33.0}",fishing_v6.4_final,Univ_alt_Meta-Llama-3-8B,worldly-dust-393,run
2,0.0,122.0,24.4,20.333333333333336,71.47540983606558,50.0,"{'persona_0': 31.0, 'persona_1': 44.0, 'persona_2': 14.0, 'persona_3': 24.0, 'persona_4': 9.0}",fishing_v6.4_final,Univ_alt_Mistral-7B-Instruct-v0.2,dainty-bush-577,run
5,0.0,177.0,35.4,29.500000000000004,82.37288135593221,44.0,"{'persona_0': 35.0, 'persona_1': 57.0, 'persona_2': 34.0, 'persona_3': 31.0, 'persona_4': 20.0}",fishing_v6.4_final,Univ_alt_Mistral-7B-Instruct-v0.2,desert-river-546,run
1,0.0,100.0,20.0,16.666666666666664,58.400000000000006,40.0,"{'persona_0': 45.0, 'persona_1': 32.0, 'persona_2': 8.0, 'persona_3': 10.0, 'persona_4': 5.0}",fishing_v6.4_final,Univ_alt_Mistral-7B-Instruct-v0.2,dulcet-snowflake-573,run
1,0.0,100.0,20.0,16.666666666666664,56.400000000000006,40.0,"{'persona_0': 42.0, 'persona_1': 40.0, 'persona_2': 8.0, 'persona_3': 5.0, 'persona_4': 5.0}",fishing_v6.4_final,Univ_alt_Mistral-7B-Instruct-v0.2,firm-terrain-575,run
12,100.0,395.0,79.0,65.83333333333333,85.41772151898735,10.0,"{'persona_0': 99.0, 'persona_1': 63.0, 'persona_2': 97.0, 'persona_3': 92.0, 'persona_4': 44.0}",fishing_v6.4_final,Univ_alt_Mistral-7B-Instruct-v0.2,good-gorge-554,run
7,0.0,278.0,55.6,46.333333333333336,96.69064748201438,45.714285714285715,"{'persona_0': 57.0, 'persona_1': 54.0, 'persona_2': 50.0, 'persona_3': 60.0, 'persona_4': 57.0}",fishing_v6.4_final,Univ_alt_Phi-4,charmed-sound-440,run
12,100.0,393.0,78.6,65.5,97.96437659033079,18.333333333333332,"{'persona_0': 78.0, 'persona_1': 76.0, 'persona_2': 75.0, 'persona_3': 82.0, 'persona_4': 82.0}",fishing_v6.4_final,Univ_alt_Phi-4,daily-fire-401,run
12,100.0,600.0,120.0,100.0,100.0,0.0,"{'persona_0': 120.0, 'persona_1': 120.0, 'persona_2': 120.0, 'persona_3': 120.0, 'persona_4': 120.0}",fishing_v6.4_final,Univ_alt_Phi-4,faithful-star-435,run
12,100.0,600.0,120.0,100.0,100.0,0.0,"{'persona_0': 120.0, 'persona_1': 120.0, 'persona_2': 120.0, 'persona_3': 120.0, 'persona_4': 120.0}",fishing_v6.4_final,Univ_alt_Phi-4,jumping-elevator-441,run
12,100.0,600.0,120.0,100.0,100.0,0.0,"{'persona_0': 120.0, 'persona_1': 120.0, 'persona_2': 120.0, 'persona_3': 120.0, 'persona_4': 120.0}",fishing_v6.4_final,Univ_alt_Phi-4,ruby-dawn-438,run
12,100.0,564.0,112.8,94.0,98.36879432624114,0.0,"{'persona_0': 113.0, 'persona_1': 120.0, 'persona_2': 110.0, 'persona_3': 110.0, 'persona_4': 111.0}",fishing_v6.4_final,Univ_DeepSeek-R1-Distill-Llama-8B,fast-puddle-607,run
2,0.0,140.0,28.0,23.33333333333333,58.857142857142854,10.0,"{'persona_0': 78.0, 'persona_1': 12.0, 'persona_2': 10.0, 'persona_3': 20.0, 'persona_4': 20.0}",fishing_v6.4_final,Univ_DeepSeek-R1-Distill-Llama-8B,leafy-sponge-620,run
11,0.0,560.0,112.0,93.33333333333333,92.14285714285715,1.8181818181818181,"{'persona_0': 100.0, 'persona_1': 150.0, 'persona_2': 110.0, 'persona_3': 100.0, 'persona_4': 100.0}",fishing_v6.4_final,Univ_DeepSeek-R1-Distill-Llama-8B,pretty-wind-621,run
12,100.0,555.0,111.0,92.5,94.95495495495496,6.666666666666667,"{'persona_0': 108.0, 'persona_1': 107.0, 'persona_2': 128.0, 'persona_3': 97.0, 'persona_4': 115.0}",fishing_v6.4_final,Univ_DeepSeek-R1-Distill-Llama-8B,super-frost-609,run
7,0.0,341.0,68.2,56.833333333333336,85.33724340175954,8.571428571428571,"{'persona_0': 60.0, 'persona_1': 70.0, 'persona_2': 106.0, 'persona_3': 52.0, 'persona_4': 53.0}",fishing_v6.4_final,Univ_DeepSeek-R1-Distill-Llama-8B,tough-energy-606,run
1,0.0,100.0,20.0,16.666666666666664,85.6,80.0,"{'persona_0': 20.0, 'persona_1': 27.0, 'persona_2': 10.0, 'persona_3': 22.0, 'persona_4': 21.0}",fishing_v6.4_final,Univ_Meta-Llama-2-7B,blooming-dust-402,run
1,0.0,100.0,20.0,16.666666666666664,80.4,80.0,"{'persona_0': 21.0, 'persona_1': 32.0, 'persona_2': 10.0, 'persona_3': 21.0, 'persona_4': 16.0}",fishing_v6.4_final,Univ_Meta-Llama-2-7B,chocolate-feather-400,run
1,0.0,100.0,20.0,16.666666666666664,95.19999999999999,100.0,"{'persona_0': 20.0, 'persona_1': 20.0, 'persona_2': 17.0, 'persona_3': 20.0, 'persona_4': 23.0}",fishing_v6.4_final,Univ_Meta-Llama-2-7B,fanciful-music-403,run
1,0.0,100.0,20.0,16.666666666666664,74.0,60.0,"{'persona_0': 10.0, 'persona_1': 35.0, 'persona_2': 10.0, 'persona_3': 20.0, 'persona_4': 25.0}",fishing_v6.4_final,Univ_Meta-Llama-2-7B,hopeful-plant-398,run
1,0.0,100.0,20.0,16.666666666666664,84.8,80.0,"{'persona_0': 27.0, 'persona_1': 21.0, 'persona_2': 10.0, 'persona_3': 19.0, 'persona_4': 23.0}",fishing_v6.4_final,Univ_Meta-Llama-2-7B,vital-fire-397,run
12,100.0,239.0,47.8,39.83333333333333,79.581589958159,5.0,"{'persona_0': 34.0, 'persona_1': 89.0, 'persona_2': 42.0, 'persona_3': 42.0, 'persona_4': 32.0}",fishing_v6.4_final,Univ_Meta-Llama-3-8B,devoted-resonance-296,run
12,100.0,408.0,81.6,68.0,94.01960784313725,16.666666666666664,"{'persona_0': 82.0, 'persona_1': 70.0, 'persona_2': 83.0, 'persona_3': 97.0, 'persona_4': 76.0}",fishing_v6.4_final,Univ_Meta-Llama-3-8B,dulcet-field-283,run
12,100.0,294.0,58.8,49.0,95.78231292517006,1.6666666666666667,"{'persona_0': 62.0, 'persona_1': 66.0, 'persona_2': 57.0, 'persona_3': 55.0, 'persona_4': 54.0}",fishing_v6.4_final,Univ_Meta-Llama-3-8B,earnest-shape-287,run
12,100.0,365.0,73.0,60.83333333333334,91.78082191780823,11.666666666666666,"{'persona_0': 60.0, 'persona_1': 79.0, 'persona_2': 75.0, 'persona_3': 89.0, 'persona_4': 62.0}",fishing_v6.4_final,Univ_Meta-Llama-3-8B,fresh-sound-288,run
12,100.0,418.0,83.6,69.66666666666667,87.36842105263159,16.666666666666664,"{'persona_0': 82.0, 'persona_1': 79.0, 'persona_2': 68.0, 'persona_3': 124.0, 'persona_4': 65.0}",fishing_v6.4_final,Univ_Meta-Llama-3-8B,peach-haze-284,run
5,0.0,231.0,46.2,38.5,63.46320346320346,16.0,"{'persona_0': 45.0, 'persona_1': 16.0, 'persona_2': 44.0, 'persona_3': 18.0, 'persona_4': 108.0}",fishing_v6.4_final,Univ_Mistral-7B-Instruct-v0.2,avid-galaxy-333,run
2,0.0,150.0,30.0,25.0,68.0,40.0,"{'persona_0': 20.0, 'persona_1': 20.0, 'persona_2': 20.0, 'persona_3': 15.0, 'persona_4': 75.0}",fishing_v6.4_final,Univ_Mistral-7B-Instruct-v0.2,clean-hill-338,run
11,0.0,408.0,81.6,68.0,80.58823529411765,29.09090909090909,"{'persona_0': 86.0, 'persona_1': 56.0, 'persona_2': 82.0, 'persona_3': 50.0, 'persona_4': 134.0}",fishing_v6.4_final,Univ_Mistral-7B-Instruct-v0.2,crisp-star-334,run
4,0.0,208.0,41.6,34.66666666666667,78.46153846153847,35.0,"{'persona_0': 55.0, 'persona_1': 19.0, 'persona_2': 37.0, 'persona_3': 33.0, 'persona_4': 64.0}",fishing_v6.4_final,Univ_Mistral-7B-Instruct-v0.2,dark-firefly-337,run
3,0.0,138.0,27.6,23.0,48.98550724637681,26.666666666666668,"{'persona_0': 6.0, 'persona_1': 80.0, 'persona_2': 32.0, 'persona_3': 5.0, 'persona_4': 15.0}",fishing_v6.4_final,Univ_Mistral-7B-Instruct-v0.2,dry-violet-336,run
12,100.0,600.0,120.0,100.0,100.0,0.0,"{'persona_0': 120.0, 'persona_1': 120.0, 'persona_2': 120.0, 'persona_3': 120.0, 'persona_4': 120.0}",fishing_v6.4_final,Univ_Phi-4,breezy-firebrand-531,run
12,100.0,600.0,120.0,100.0,100.0,0.0,"{'persona_0': 120.0, 'persona_1': 120.0, 'persona_2': 120.0, 'persona_3': 120.0, 'persona_4': 120.0}",fishing_v6.4_final,Univ_Phi-4,ethereal-valley-534,run
12,100.0,600.0,120.0,100.0,100.0,0.0,"{'persona_0': 120.0, 'persona_1': 120.0, 'persona_2': 120.0, 'persona_3': 120.0, 'persona_4': 120.0}",fishing_v6.4_final,Univ_Phi-4,fearless-serenity-536,run
12,100.0,595.0,119.0,99.16666666666667,99.32773109243698,0.0,"{'persona_0': 120.0, 'persona_1': 120.0, 'persona_2': 120.0, 'persona_3': 115.0, 'persona_4': 120.0}",fishing_v6.4_final,Univ_Phi-4,grateful-dust-535,run
12,100.0,600.0,120.0,100.0,100.0,0.0,"{'persona_0': 120.0, 'persona_1': 120.0, 'persona_2': 120.0, 'persona_3': 120.0, 'persona_4': 120.0}",fishing_v6.4_final,Univ_Phi-4,serene-frost-532,run
2,0.0,147.0,29.4,24.5,55.91836734693878,30.0,"{'persona_0': 10.0, 'persona_1': 22.0, 'persona_2': 20.0, 'persona_3': 10.0, 'persona_4': 85.0}",fishing_v6.4_final,VeilOfIgnorance_DeepSeek-R1-Distill-Llama-8B,breezy-oath-614,run
2,0.0,138.0,27.6,23.0,81.44927536231884,60.0,"{'persona_0': 22.0, 'persona_1': 36.0, 'persona_2': 25.0, 'persona_3': 15.0, 'persona_4': 40.0}",fishing_v6.4_final,VeilOfIgnorance_DeepSeek-R1-Distill-Llama-8B,fine-energy-615,run
3,0.0,136.0,27.2,22.666666666666668,88.52941176470588,60.0,"{'persona_0': 25.0, 'persona_1': 39.0, 'persona_2': 26.0, 'persona_3': 20.0, 'persona_4': 26.0}",fishing_v6.4_final,VeilOfIgnorance_DeepSeek-R1-Distill-Llama-8B,gentle-dust-625,run
2,0.0,130.0,26.0,21.666666666666668,81.53846153846153,70.0,"{'persona_0': 20.0, 'persona_1': 40.0, 'persona_2': 25.0, 'persona_3': 30.0, 'persona_4': 15.0}",fishing_v6.4_final,VeilOfIgnorance_DeepSeek-R1-Distill-Llama-8B,legendary-serenity-629,run
4,0.0,210.0,42.0,35.0,76.95238095238095,40.0,"{'persona_0': 43.0, 'persona_1': 10.0, 'persona_2': 44.0, 'persona_3': 70.0, 'persona_4': 43.0}",fishing_v6.4_final,VeilOfIgnorance_DeepSeek-R1-Distill-Llama-8B,vocal-eon-616,run
1,0.0,100.0,20.0,16.666666666666664,88.4,100.0,"{'persona_0': 17.0, 'persona_1': 20.0, 'persona_2': 20.0, 'persona_3': 15.0, 'persona_4': 28.0}",fishing_v6.4_final,VeilOfIgnorance_Meta-Llama-3-8B,giddy-fog-429,run
1,0.0,100.0,20.0,16.666666666666664,96.39999999999999,100.0,"{'persona_0': 20.0, 'persona_1': 19.0, 'persona_2': 19.0, 'persona_3': 19.0, 'persona_4': 23.0}",fishing_v6.4_final,VeilOfIgnorance_Meta-Llama-3-8B,good-bird-428,run
1,0.0,100.0,20.0,16.666666666666664,85.6,100.0,"{'persona_0': 21.0, 'persona_1': 28.0, 'persona_2': 16.0, 'persona_3': 13.0, 'persona_4': 22.0}",fishing_v6.4_final,VeilOfIgnorance_Meta-Llama-3-8B,radiant-resonance-392,run
1,0.0,100.0,20.0,16.666666666666664,91.60000000000001,100.0,"{'persona_0': 17.0, 'persona_1': 20.0, 'persona_2': 26.0, 'persona_3': 20.0, 'persona_4': 17.0}",fishing_v6.4_final,VeilOfIgnorance_Meta-Llama-3-8B,stellar-sea-430,run
1,0.0,100.0,20.0,16.666666666666664,91.2,100.0,"{'persona_0': 27.0, 'persona_1': 20.0, 'persona_2': 18.0, 'persona_3': 18.0, 'persona_4': 17.0}",fishing_v6.4_final,VeilOfIgnorance_Meta-Llama-3-8B,valiant-pine-426,run
1,0.0,100.0,20.0,16.666666666666664,77.60000000000001,80.0,"{'persona_0': 27.0, 'persona_1': 25.0, 'persona_2': 23.0, 'persona_3': 0.0, 'persona_4': 25.0}",fishing_v6.4_final,VeilOfIgnorance_Mistral-7B-Instruct-v0.2,different-moon-544,run
1,0.0,100.0,20.0,16.666666666666664,91.60000000000001,100.0,"{'persona_0': 17.0, 'persona_1': 21.0, 'persona_2': 22.0, 'persona_3': 24.0, 'persona_4': 16.0}",fishing_v6.4_final,VeilOfIgnorance_Mistral-7B-Instruct-v0.2,fanciful-pond-545,run
1,0.0,100.0,20.0,16.666666666666664,84.39999999999999,100.0,"{'persona_0': 27.0, 'persona_1': 12.0, 'persona_2': 17.0, 'persona_3': 18.0, 'persona_4': 26.0}",fishing_v6.4_final,VeilOfIgnorance_Mistral-7B-Instruct-v0.2,major-dew-548,run
1,0.0,100.0,20.0,16.666666666666664,97.2,100.0,"{'persona_0': 18.0, 'persona_1': 21.0, 'persona_2': 20.0, 'persona_3': 21.0, 'persona_4': 20.0}",fishing_v6.4_final,VeilOfIgnorance_Mistral-7B-Instruct-v0.2,rose-sound-550,run
1,0.0,100.0,20.0,16.666666666666664,91.60000000000001,100.0,"{'persona_0': 14.0, 'persona_1': 20.0, 'persona_2': 20.0, 'persona_3': 23.0, 'persona_4': 23.0}",fishing_v6.4_final,VeilOfIgnorance_Mistral-7B-Instruct-v0.2,super-galaxy-547,run
12,100.0,600.0,120.0,100.0,100.0,0.0,"{'persona_0': 120.0, 'persona_1': 120.0, 'persona_2': 120.0, 'persona_3': 120.0, 'persona_4': 120.0}",fishing_v6.4_final,VeilOfIgnorance_Phi-4,chocolate-gorge-431,run
5,0.0,236.0,47.2,39.33333333333333,94.91525423728814,60.0,"{'persona_0': 45.0, 'persona_1': 43.0, 'persona_2': 45.0, 'persona_3': 58.0, 'persona_4': 45.0}",fishing_v6.4_final,VeilOfIgnorance_Phi-4,glorious-terrain-436,run
12,100.0,600.0,120.0,100.0,100.0,0.0,"{'persona_0': 120.0, 'persona_1': 120.0, 'persona_2': 120.0, 'persona_3': 120.0, 'persona_4': 120.0}",fishing_v6.4_final,VeilOfIgnorance_Phi-4,graceful-leaf-395,run
12,100.0,600.0,120.0,100.0,100.0,0.0,"{'persona_0': 120.0, 'persona_1': 120.0, 'persona_2': 120.0, 'persona_3': 120.0, 'persona_4': 120.0}",fishing_v6.4_final,VeilOfIgnorance_Phi-4,honest-serenity-437,run
5,0.0,246.0,49.2,41.0,93.33333333333333,52.0,"{'persona_0': 48.0, 'persona_1': 46.0, 'persona_2': 41.0, 'persona_3': 58.0, 'persona_4': 53.0}",fishing_v6.4_final,VeilOfIgnorance_Phi-4,polished-aardvark-439,run
1,0.0,100.0,20.0,16.666666666666664,43.99999999999999,40.0,"{'persona_0': 0.0, 'persona_1': 0.0, 'persona_2': 40.0, 'persona_3': 50.0, 'persona_4': 10.0}",pollution_v6.4_final,Meta-Llama-2-13B,balmy-mountain-105,run
1,0.0,100.0,20.0,16.666666666666664,55.60000000000001,40.0,"{'persona_0': 10.0, 'persona_1': 0.0, 'persona_2': 39.0, 'persona_3': 41.0, 'persona_4': 10.0}",pollution_v6.4_final,Meta-Llama-2-13B,elated-fog-85,run
1,0.0,100.0,20.0,16.666666666666664,44.8,40.0,"{'persona_0': 0.0, 'persona_1': 0.0, 'persona_2': 48.0, 'persona_3': 42.0, 'persona_4': 10.0}",pollution_v6.4_final,Meta-Llama-2-13B,hardy-breeze-104,run
1,0.0,100.0,20.0,16.666666666666664,55.2,40.0,"{'persona_0': 10.0, 'persona_1': 0.0, 'persona_2': 38.0, 'persona_3': 42.0, 'persona_4': 10.0}",pollution_v6.4_final,Meta-Llama-2-13B,vague-grass-189,run
1,0.0,100.0,20.0,16.666666666666664,42.400000000000006,40.0,"{'persona_0': 0.0, 'persona_1': 0.0, 'persona_2': 36.0, 'persona_3': 54.0, 'persona_4': 10.0}",pollution_v6.4_final,Meta-Llama-2-13B,worthy-fire-91,run
1,0.0,100.0,20.0,16.666666666666664,54.400000000000006,60.0,"{'persona_0': 38.0, 'persona_1': 0.0, 'persona_2': 24.0, 'persona_3': 0.0, 'persona_4': 38.0}",pollution_v6.4_final,Meta-Llama-2-7B,honest-galaxy-394,run
1,0.0,100.0,20.0,16.666666666666664,57.60000000000001,60.0,"{'persona_0': 30.0, 'persona_1': 0.0, 'persona_2': 34.0, 'persona_3': 0.0, 'persona_4': 36.0}",pollution_v6.4_final,Meta-Llama-2-7B,llama2_7b_pollution_seed1,run
1,0.0,100.0,20.0,16.666666666666664,57.2,60.0,"{'persona_0': 29.0, 'persona_1': 0.0, 'persona_2': 36.0, 'persona_3': 0.0, 'persona_4': 35.0}",pollution_v6.4_final,Meta-Llama-2-7B,llama2_7b_pollution_seed100,run
1,0.0,100.0,20.0,16.666666666666664,54.400000000000006,60.0,"{'persona_0': 32.0, 'persona_1': 0.0, 'persona_2': 27.0, 'persona_3': 0.0, 'persona_4': 41.0}",pollution_v6.4_final,Meta-Llama-2-7B,llama2_7b_pollution_seed42,run
1,0.0,100.0,20.0,16.666666666666664,53.2,60.0,"{'persona_0': 41.0, 'persona_1': 0.0, 'persona_2': 35.0, 'persona_3': 0.0, 'persona_4': 24.0}",pollution_v6.4_final,Meta-Llama-2-7B,olive-serenity-391,run
1,0.0,100.0,20.0,16.666666666666664,59.599999999999994,60.0,"{'persona_0': 33.0, 'persona_1': 0.0, 'persona_2': 34.0, 'persona_3': 0.0, 'persona_4': 33.0}",pollution_v6.4_final,Meta-Llama-3-8B,devout-dream-232,run
1,0.0,100.0,20.0,16.666666666666664,53.6,60.0,"{'persona_0': 42.0, 'persona_1': 0.0, 'persona_2': 26.0, 'persona_3': 0.0, 'persona_4': 32.0}",pollution_v6.4_final,Meta-Llama-3-8B,efficient-capybara-230,run
1,0.0,100.0,20.0,16.666666666666664,54.800000000000004,60.0,"{'persona_0': 27.0, 'persona_1': 0.0, 'persona_2': 33.0, 'persona_3': 0.0, 'persona_4': 40.0}",pollution_v6.4_final,Meta-Llama-3-8B,kind-surf-228,run
1,0.0,100.0,20.0,16.666666666666664,54.800000000000004,60.0,"{'persona_0': 29.0, 'persona_1': 0.0, 'persona_2': 29.0, 'persona_3': 0.0, 'persona_4': 42.0}",pollution_v6.4_final,Meta-Llama-3-8B,lucky-morning-229,run
1,0.0,100.0,20.0,16.666666666666664,58.00000000000001,60.0,"{'persona_0': 35.0, 'persona_1': 0.0, 'persona_2': 35.0, 'persona_3': 0.0, 'persona_4': 30.0}",pollution_v6.4_final,Meta-Llama-3-8B,true-waterfall-227,run
1,0.0,100.0,20.0,16.666666666666664,78.0,80.0,"{'persona_0': 25.0, 'persona_1': 27.0, 'persona_2': 22.0, 'persona_3': 25.0, 'persona_4': 1.0}",pollution_v6.4_final,Mistral-7B-Instruct-v0.2,autumn-dust-96,run
1,0.0,100.0,20.0,16.666666666666664,73.6,80.0,"{'persona_0': 19.0, 'persona_1': 24.0, 'persona_2': 31.0, 'persona_3': 25.0, 'persona_4': 1.0}",pollution_v6.4_final,Mistral-7B-Instruct-v0.2,denim-terrain-97,run
1,0.0,100.0,20.0,16.666666666666664,68.0,80.0,"{'persona_0': 14.0, 'persona_1': 0.0, 'persona_2': 28.0, 'persona_3': 25.0, 'persona_4': 33.0}",pollution_v6.4_final,Mistral-7B-Instruct-v0.2,jolly-lion-69,run
1,0.0,100.0,20.0,16.666666666666664,74.0,80.0,"{'persona_0': 25.0, 'persona_1': 0.0, 'persona_2': 30.0, 'persona_3': 25.0, 'persona_4': 20.0}",pollution_v6.4_final,Mistral-7B-Instruct-v0.2,polar-shape-71,run
1,0.0,100.0,20.0,16.666666666666664,76.8,80.0,"{'persona_0': 25.0, 'persona_1': 0.0, 'persona_2': 23.0, 'persona_3': 24.0, 'persona_4': 28.0}",pollution_v6.4_final,Mistral-7B-Instruct-v0.2,rural-hill-73,run
2,0.0,110.0,22.0,18.333333333333336,68.0,60.0,"{'persona_0': 15.0, 'persona_1': 56.0, 'persona_2': 13.0, 'persona_3': 13.0, 'persona_4': 13.0}",pollution_v6.4_final,Phi-4,clean-universe-326,run
2,0.0,110.0,22.0,18.333333333333336,68.36363636363636,60.0,"{'persona_0': 16.0, 'persona_1': 55.0, 'persona_2': 13.0, 'persona_3': 13.0, 'persona_4': 13.0}",pollution_v6.4_final,Phi-4,solar-frost-327,run
2,0.0,110.0,22.0,18.333333333333336,67.27272727272727,50.0,"{'persona_0': 17.0, 'persona_1': 55.0, 'persona_2': 12.0, 'persona_3': 13.0, 'persona_4': 13.0}",pollution_v6.4_final,Phi-4,still-microwave-290,run
2,0.0,110.0,22.0,18.333333333333336,68.0,60.0,"{'persona_0': 13.0, 'persona_1': 56.0, 'persona_2': 13.0, 'persona_3': 15.0, 'persona_4': 13.0}",pollution_v6.4_final,Phi-4,summer-rain-294,run
2,0.0,110.0,22.0,18.333333333333336,68.0,60.0,"{'persona_0': 13.0, 'persona_1': 56.0, 'persona_2': 13.0, 'persona_3': 15.0, 'persona_4': 13.0}",pollution_v6.4_final,Phi-4,trim-dust-323,run
3,0.0,100.0,20.0,16.666666666666664,20.799999999999997,6.666666666666667,"{'persona_0': 0.0, 'persona_1': 98.0, 'persona_2': 0.0, 'persona_3': 2.0, 'persona_4': 0.0}",pollution_v6.4_final,Qwen2.5-7B,gallant-wood-249,run
3,0.0,150.0,30.0,25.0,33.86666666666667,13.333333333333334,"{'persona_0': 1.0, 'persona_1': 99.0, 'persona_2': 50.0, 'persona_3': 0.0, 'persona_4': 0.0}",pollution_v6.4_final,Qwen2.5-7B,misunderstood-dust-257,run
5,0.0,130.0,26.0,21.666666666666668,20.307692307692303,8.0,"{'persona_0': 0.0, 'persona_1': 1.0, 'persona_2': 0.0, 'persona_3': 129.0, 'persona_4': 0.0}",pollution_v6.4_final,Qwen2.5-7B,noble-lion-226,run
4,0.0,170.0,34.0,28.333333333333332,41.17647058823529,15.0,"{'persona_0': 0.0, 'persona_1': 20.0, 'persona_2': 0.0, 'persona_3': 100.0, 'persona_4': 50.0}",pollution_v6.4_final,Qwen2.5-7B,peach-deluge-233,run
2,0.0,100.0,20.0,16.666666666666664,19.999999999999996,10.0,"{'persona_0': 0.0, 'persona_1': 0.0, 'persona_2': 0.0, 'persona_3': 100.0, 'persona_4': 0.0}",pollution_v6.4_final,Qwen2.5-7B,stellar-dawn-244,run
2,0.0,140.0,28.0,23.33333333333333,86.0,60.0,"{'persona_0': 44.0, 'persona_1': 20.0, 'persona_2': 25.0, 'persona_3': 26.0, 'persona_4': 25.0}",pollution_v6.4_final,Systemic_Meta-Llama-3-8B,confused-plant-495,run
3,0.0,132.0,26.4,21.999999999999996,80.60606060606061,60.0,"{'persona_0': 35.0, 'persona_1': 15.0, 'persona_2': 34.0, 'persona_3': 35.0, 'persona_4': 13.0}",pollution_v6.4_final,Systemic_Meta-Llama-3-8B,eager-sky-499,run
3,0.0,161.0,32.2,26.833333333333332,78.13664596273291,53.333333333333336,"{'persona_0': 16.0, 'persona_1': 54.0, 'persona_2': 23.0, 'persona_3': 35.0, 'persona_4': 33.0}",pollution_v6.4_final,Systemic_Meta-Llama-3-8B,frosty-darkness-513,run
3,0.0,140.0,28.0,23.33333333333333,75.71428571428571,40.0,"{'persona_0': 26.0, 'persona_1': 28.0, 'persona_2': 13.0, 'persona_3': 21.0, 'persona_4': 52.0}",pollution_v6.4_final,Systemic_Meta-Llama-3-8B,misunderstood-field-515,run
2,0.0,115.0,23.0,19.166666666666664,85.73913043478261,80.0,"{'persona_0': 32.0, 'persona_1': 15.0, 'persona_2': 27.0, 'persona_3': 21.0, 'persona_4': 20.0}",pollution_v6.4_final,Systemic_Meta-Llama-3-8B,sunny-serenity-508,run
1,0.0,100.0,20.0,16.666666666666664,74.0,80.0,"{'persona_0': 29.0, 'persona_1': 21.0, 'persona_2': 22.0, 'persona_3': 28.0, 'persona_4': 0.0}",pollution_v6.4_final,Systemic_Mistral-7B-Instruct-v0.2,absurd-river-576,run
1,0.0,100.0,20.0,16.666666666666664,73.2,80.0,"{'persona_0': 20.0, 'persona_1': 22.0, 'persona_2': 0.0, 'persona_3': 29.0, 'persona_4': 29.0}",pollution_v6.4_final,Systemic_Mistral-7B-Instruct-v0.2,celestial-fog-570,run
1,0.0,100.0,20.0,16.666666666666664,79.60000000000001,80.0,"{'persona_0': 22.0, 'persona_1': 5.0, 'persona_2': 20.0, 'persona_3': 25.0, 'persona_4': 28.0}",pollution_v6.4_final,Systemic_Mistral-7B-Instruct-v0.2,restful-cherry-578,run
1,0.0,100.0,20.0,16.666666666666664,85.2,100.0,"{'persona_0': 14.0, 'persona_1': 24.0, 'persona_2': 28.0, 'persona_3': 15.0, 'persona_4': 19.0}",pollution_v6.4_final,Systemic_Mistral-7B-Instruct-v0.2,stellar-galaxy-572,run
1,0.0,100.0,20.0,16.666666666666664,57.2,60.0,"{'persona_0': 22.0, 'persona_1': 5.0, 'persona_2': 39.0, 'persona_3': 34.0, 'persona_4': 0.0}",pollution_v6.4_final,Systemic_Mistral-7B-Instruct-v0.2,vital-glade-574,run
2,0.0,126.0,25.2,20.999999999999996,81.58730158730158,60.0,"{'persona_0': 20.0, 'persona_1': 16.0, 'persona_2': 40.0, 'persona_3': 30.0, 'persona_4': 20.0}",pollution_v6.4_final,Systemic_Phi-4,electric-glade-500,run
12,100.0,288.0,57.6,48.0,82.36111111111111,11.666666666666666,"{'persona_0': 41.0, 'persona_1': 45.0, 'persona_2': 60.0, 'persona_3': 45.0, 'persona_4': 97.0}",pollution_v6.4_final,Systemic_Phi-4,playful-wood-523,run
12,100.0,242.0,48.4,40.33333333333333,92.89256198347108,5.0,"{'persona_0': 52.0, 'persona_1': 43.0, 'persona_2': 56.0, 'persona_3': 39.0, 'persona_4': 52.0}",pollution_v6.4_final,Systemic_Phi-4,skilled-elevator-511,run
1,0.0,100.0,20.0,16.666666666666664,72.0,60.0,"{'persona_0': 10.0, 'persona_1': 20.0, 'persona_2': 10.0, 'persona_3': 20.0, 'persona_4': 40.0}",pollution_v6.4_final,Systemic_Phi-4,toasty-cherry-494,run
1,0.0,100.0,20.0,16.666666666666664,72.0,60.0,"{'persona_0': 10.0, 'persona_1': 20.0, 'persona_2': 10.0, 'persona_3': 20.0, 'persona_4': 40.0}",pollution_v6.4_final,Systemic_Phi-4,upbeat-darkness-530,run
1,0.0,100.0,20.0,16.666666666666664,90.8,100.0,"{'persona_0': 21.0, 'persona_1': 14.0, 'persona_2': 20.0, 'persona_3': 20.0, 'persona_4': 25.0}",pollution_v6.4_final,Univ_alt_Meta-Llama-3-8B,desert-plant-498,run
1,0.0,100.0,20.0,16.666666666666664,100.0,100.0,"{'persona_0': 20.0, 'persona_1': 20.0, 'persona_2': 20.0, 'persona_3': 20.0, 'persona_4': 20.0}",pollution_v6.4_final,Univ_alt_Meta-Llama-3-8B,helpful-water-505,run
1,0.0,100.0,20.0,16.666666666666664,60.8,80.0,"{'persona_0': 0.0, 'persona_1': 14.0, 'persona_2': 20.0, 'persona_3': 20.0, 'persona_4': 46.0}",pollution_v6.4_final,Univ_alt_Meta-Llama-3-8B,jumping-sea-492,run
1,0.0,100.0,20.0,16.666666666666664,90.4,100.0,"{'persona_0': 26.0, 'persona_1': 14.0, 'persona_2': 20.0, 'persona_3': 20.0, 'persona_4': 20.0}",pollution_v6.4_final,Univ_alt_Meta-Llama-3-8B,misunderstood-eon-502,run
1,0.0,100.0,20.0,16.666666666666664,84.0,100.0,"{'persona_0': 31.0, 'persona_1': 13.0, 'persona_2': 20.0, 'persona_3': 16.0, 'persona_4': 20.0}",pollution_v6.4_final,Univ_alt_Meta-Llama-3-8B,splendid-microwave-496,run
1,0.0,100.0,20.0,16.666666666666664,81.60000000000001,100.0,"{'persona_0': 16.0, 'persona_1': 24.0, 'persona_2': 30.0, 'persona_3': 19.0, 'persona_4': 11.0}",pollution_v6.4_final,Univ_alt_Mistral-7B-Instruct-v0.2,copper-cloud-588,run
1,0.0,100.0,20.0,16.666666666666664,91.2,100.0,"{'persona_0': 23.0, 'persona_1': 16.0, 'persona_2': 17.0, 'persona_3': 20.0, 'persona_4': 24.0}",pollution_v6.4_final,Univ_alt_Mistral-7B-Instruct-v0.2,lunar-eon-584,run
1,0.0,100.0,20.0,16.666666666666664,84.39999999999999,100.0,"{'persona_0': 19.0, 'persona_1': 30.0, 'persona_2': 21.0, 'persona_3': 12.0, 'persona_4': 18.0}",pollution_v6.4_final,Univ_alt_Mistral-7B-Instruct-v0.2,misty-sound-586,run
1,0.0,100.0,20.0,16.666666666666664,84.8,100.0,"{'persona_0': 28.0, 'persona_1': 12.0, 'persona_2': 22.0, 'persona_3': 16.0, 'persona_4': 22.0}",pollution_v6.4_final,Univ_alt_Mistral-7B-Instruct-v0.2,resilient-disco-585,run
1,0.0,100.0,20.0,16.666666666666664,88.8,100.0,"{'persona_0': 24.0, 'persona_1': 20.0, 'persona_2': 24.0, 'persona_3': 12.0, 'persona_4': 20.0}",pollution_v6.4_final,Univ_alt_Mistral-7B-Instruct-v0.2,sage-water-587,run
2,0.0,140.0,28.0,23.33333333333333,78.28571428571429,30.0,"{'persona_0': 30.0, 'persona_1': 28.0, 'persona_2': 16.0, 'persona_3': 18.0, 'persona_4': 48.0}",pollution_v6.4_final,Univ_alt_Phi-4,dark-field-533,run
12,100.0,306.0,61.2,51.0,94.90196078431372,11.666666666666666,"{'persona_0': 66.0, 'persona_1': 69.0, 'persona_2': 54.0, 'persona_3': 60.0, 'persona_4': 57.0}",pollution_v6.4_final,Univ_alt_Phi-4,faithful-pond-528,run
5,0.0,192.0,38.4,31.999999999999996,91.25,48.0,"{'persona_0': 47.0, 'persona_1': 44.0, 'persona_2': 31.0, 'persona_3': 36.0, 'persona_4': 34.0}",pollution_v6.4_final,Univ_alt_Phi-4,pleasant-yogurt-526,run
12,100.0,282.0,56.4,47.0,92.48226950354609,3.3333333333333335,"{'persona_0': 55.0, 'persona_1': 68.0, 'persona_2': 52.0, 'persona_3': 61.0, 'persona_4': 46.0}",pollution_v6.4_final,Univ_alt_Phi-4,smooth-wood-519,run
6,0.0,218.0,43.6,36.33333333333333,91.19266055045871,53.333333333333336,"{'persona_0': 54.0, 'persona_1': 47.0, 'persona_2': 34.0, 'persona_3': 44.0, 'persona_4': 39.0}",pollution_v6.4_final,Univ_alt_Phi-4,stellar-cherry-507,run
1,0.0,100.0,20.0,16.666666666666664,81.2,80.0,"{'persona_0': 29.0, 'persona_1': 17.0, 'persona_2': 26.0, 'persona_3': 18.0, 'persona_4': 10.0}",pollution_v6.4_final,Univ_Meta-Llama-2-7B,breezy-cloud-405,run
1,0.0,100.0,20.0,16.666666666666664,86.8,80.0,"{'persona_0': 21.0, 'persona_1': 22.0, 'persona_2': 26.0, 'persona_3': 21.0, 'persona_4': 10.0}",pollution_v6.4_final,Univ_Meta-Llama-2-7B,clean-sponge-406,run
1,0.0,100.0,20.0,16.666666666666664,85.6,80.0,"{'persona_0': 25.0, 'persona_1': 19.0, 'persona_2': 21.0, 'persona_3': 25.0, 'persona_4': 10.0}",pollution_v6.4_final,Univ_Meta-Llama-2-7B,divine-river-408,run
1,0.0,100.0,20.0,16.666666666666664,90.0,100.0,"{'persona_0': 19.0, 'persona_1': 22.0, 'persona_2': 16.0, 'persona_3': 26.0, 'persona_4': 17.0}",pollution_v6.4_final,Univ_Meta-Llama-2-7B,iconic-cosmos-404,run
1,0.0,100.0,20.0,16.666666666666664,84.8,80.0,"{'persona_0': 24.0, 'persona_1': 18.0, 'persona_2': 22.0, 'persona_3': 26.0, 'persona_4': 10.0}",pollution_v6.4_final,Univ_Meta-Llama-2-7B,lucky-galaxy-407,run
6,0.0,173.0,34.6,28.833333333333332,59.53757225433526,3.3333333333333335,"{'persona_0': 15.0, 'persona_1': 15.0, 'persona_2': 18.0, 'persona_3': 30.0, 'persona_4': 95.0}",pollution_v6.4_final,Univ_Meta-Llama-3-8B,earnest-energy-309,run
5,0.0,175.0,35.0,29.166666666666664,74.85714285714286,24.0,"{'persona_0': 18.0, 'persona_1': 25.0, 'persona_2': 33.0, 'persona_3': 30.0, 'persona_4': 69.0}",pollution_v6.4_final,Univ_Meta-Llama-3-8B,earthy-surf-298,run
5,0.0,180.0,36.0,30.000000000000004,58.44444444444444,4.0,"{'persona_0': 20.0, 'persona_1': 22.0, 'persona_2': 10.0, 'persona_3': 99.0, 'persona_4': 29.0}",pollution_v6.4_final,Univ_Meta-Llama-3-8B,fiery-thunder-302,run
12,100.0,163.0,32.6,27.16666666666666,92.14723926380368,0.0,"{'persona_0': 38.0, 'persona_1': 27.0, 'persona_2': 32.0, 'persona_3': 28.0, 'persona_4': 38.0}",pollution_v6.4_final,Univ_Meta-Llama-3-8B,hearty-silence-306,run
7,0.0,230.0,46.0,38.33333333333333,65.04347826086956,11.428571428571429,"{'persona_0': 46.0, 'persona_1': 25.0, 'persona_2': 21.0, 'persona_3': 111.0, 'persona_4': 27.0}",pollution_v6.4_final,Univ_Meta-Llama-3-8B,radiant-monkey-299,run
1,0.0,100.0,20.0,16.666666666666664,66.39999999999999,60.0,"{'persona_0': 30.0, 'persona_1': 10.0, 'persona_2': 32.0, 'persona_3': 0.0, 'persona_4': 28.0}",pollution_v6.4_final,Univ_Mistral-7B-Instruct-v0.2,atomic-aardvark-344,run
1,0.0,100.0,20.0,16.666666666666664,43.99999999999999,40.0,"{'persona_0': 10.0, 'persona_1': 50.0, 'persona_2': 40.0, 'persona_3': 0.0, 'persona_4': 0.0}",pollution_v6.4_final,Univ_Mistral-7B-Instruct-v0.2,blooming-violet-345,run
1,0.0,100.0,20.0,16.666666666666664,57.2,60.0,"{'persona_0': 33.0, 'persona_1': 37.0, 'persona_2': 30.0, 'persona_3': 0.0, 'persona_4': 0.0}",pollution_v6.4_final,Univ_Mistral-7B-Instruct-v0.2,fresh-yogurt-350,run
1,0.0,100.0,20.0,16.666666666666664,54.0,40.0,"{'persona_0': 10.0, 'persona_1': 45.0, 'persona_2': 35.0, 'persona_3': 10.0, 'persona_4': 0.0}",pollution_v6.4_final,Univ_Mistral-7B-Instruct-v0.2,solar-firebrand-346,run
1,0.0,100.0,20.0,16.666666666666664,52.0,40.0,"{'persona_0': 50.0, 'persona_1': 10.0, 'persona_2': 30.0, 'persona_3': 10.0, 'persona_4': 0.0}",pollution_v6.4_final,Univ_Mistral-7B-Instruct-v0.2,wobbly-wildflower-349,run
12,100.0,499.0,99.8,83.16666666666667,98.31663326653307,1.6666666666666667,"{'persona_0': 98.0, 'persona_1': 96.0, 'persona_2': 99.0, 'persona_3': 105.0, 'persona_4': 101.0}",pollution_v6.4_final,Univ_Phi-4,dutiful-grass-321,run
12,100.0,491.0,98.2,81.83333333333334,96.00814663951121,1.6666666666666667,"{'persona_0': 99.0, 'persona_1': 86.0, 'persona_2': 98.0, 'persona_3': 110.0, 'persona_4': 98.0}",pollution_v6.4_final,Univ_Phi-4,snowy-sun-320,run
12,100.0,383.0,76.6,63.83333333333333,90.60052219321149,8.333333333333332,"{'persona_0': 87.0, 'persona_1': 82.0, 'persona_2': 90.0, 'persona_3': 71.0, 'persona_4': 53.0}",pollution_v6.4_final,Univ_Phi-4,stellar-waterfall-315,run
12,100.0,472.0,94.4,78.66666666666666,96.77966101694915,1.6666666666666667,"{'persona_0': 93.0, 'persona_1': 99.0, 'persona_2': 85.0, 'persona_3': 101.0, 'persona_4': 94.0}",pollution_v6.4_final,Univ_Phi-4,toasty-dawn-522,run
12,100.0,451.0,90.2,75.16666666666667,93.52549889135256,6.666666666666667,"{'persona_0': 93.0, 'persona_1': 96.0, 'persona_2': 105.0, 'persona_3': 81.0, 'persona_4': 76.0}",pollution_v6.4_final,Univ_Phi-4,worldly-darkness-504,run
1,0.0,100.0,20.0,16.666666666666664,72.39999999999999,80.0,"{'persona_0': 20.0, 'persona_1': 32.0, 'persona_2': 20.0, 'persona_3': 27.0, 'persona_4': 1.0}",pollution_v6.4_final,VeilOfIgnorance_Meta-Llama-3-8B,daily-deluge-497,run
1,0.0,100.0,20.0,16.666666666666664,72.8,80.0,"{'persona_0': 23.0, 'persona_1': 20.0, 'persona_2': 26.0, 'persona_3': 31.0, 'persona_4': 0.0}",pollution_v6.4_final,VeilOfIgnorance_Meta-Llama-3-8B,devoted-donkey-506,run
1,0.0,100.0,20.0,16.666666666666664,68.8,80.0,"{'persona_0': 22.0, 'persona_1': 20.0, 'persona_2': 20.0, 'persona_3': 38.0, 'persona_4': 0.0}",pollution_v6.4_final,VeilOfIgnorance_Meta-Llama-3-8B,floral-frog-503,run
1,0.0,100.0,20.0,16.666666666666664,68.0,80.0,"{'persona_0': 40.0, 'persona_1': 20.0, 'persona_2': 20.0, 'persona_3': 20.0, 'persona_4': 0.0}",pollution_v6.4_final,VeilOfIgnorance_Meta-Llama-3-8B,spring-snowball-501,run
2,0.0,120.0,24.0,19.999999999999996,79.33333333333333,70.0,"{'persona_0': 20.0, 'persona_1': 35.0, 'persona_2': 20.0, 'persona_3': 34.0, 'persona_4': 11.0}",pollution_v6.4_final,VeilOfIgnorance_Meta-Llama-3-8B,worthy-cloud-509,run
1,0.0,100.0,20.0,16.666666666666664,73.6,80.0,"{'persona_0': 30.0, 'persona_1': 24.0, 'persona_2': 20.0, 'persona_3': 26.0, 'persona_4': 0.0}",pollution_v6.4_final,VeilOfIgnorance_Mistral-7B-Instruct-v0.2,charmed-resonance-569,run
1,0.0,100.0,20.0,16.666666666666664,56.00000000000001,60.0,"{'persona_0': 1.0, 'persona_1': 37.0, 'persona_2': 25.0, 'persona_3': 37.0, 'persona_4': 0.0}",pollution_v6.4_final,VeilOfIgnorance_Mistral-7B-Instruct-v0.2,graceful-aardvark-565,run
1,0.0,100.0,20.0,16.666666666666664,90.4,100.0,"{'persona_0': 26.0, 'persona_1': 20.0, 'persona_2': 17.0, 'persona_3': 16.0, 'persona_4': 21.0}",pollution_v6.4_final,VeilOfIgnorance_Mistral-7B-Instruct-v0.2,morning-voice-567,run
1,0.0,100.0,20.0,16.666666666666664,69.19999999999999,80.0,"{'persona_0': 1.0, 'persona_1': 32.0, 'persona_2': 18.0, 'persona_3': 32.0, 'persona_4': 17.0}",pollution_v6.4_final,VeilOfIgnorance_Mistral-7B-Instruct-v0.2,prime-fire-571,run
1,0.0,100.0,20.0,16.666666666666664,91.2,100.0,"{'persona_0': 20.0, 'persona_1': 20.0, 'persona_2': 16.0, 'persona_3': 18.0, 'persona_4': 26.0}",pollution_v6.4_final,VeilOfIgnorance_Mistral-7B-Instruct-v0.2,smart-resonance-563,run
3,0.0,156.0,31.2,26.0,94.61538461538461,53.333333333333336,"{'persona_0': 34.0, 'persona_1': 33.0, 'persona_2': 33.0, 'persona_3': 24.0, 'persona_4': 32.0}",pollution_v6.4_final,VeilOfIgnorance_Phi-4,crisp-spaceship-517,run
5,0.0,203.0,40.6,33.833333333333336,94.28571428571428,52.0,"{'persona_0': 34.0, 'persona_1': 47.0, 'persona_2': 39.0, 'persona_3': 42.0, 'persona_4': 41.0}",pollution_v6.4_final,VeilOfIgnorance_Phi-4,generous-forest-527,run
8,0.0,310.0,62.0,51.66666666666666,83.09677419354838,15.0,"{'persona_0': 47.0, 'persona_1': 101.0, 'persona_2': 46.0, 'persona_3': 68.0, 'persona_4': 48.0}",pollution_v6.4_final,VeilOfIgnorance_Phi-4,northern-puddle-529,run
12,100.0,335.0,67.0,55.833333333333336,100.0,0.0,"{'persona_0': 67.0, 'persona_1': 67.0, 'persona_2': 67.0, 'persona_3': 67.0, 'persona_4': 67.0}",pollution_v6.4_final,VeilOfIgnorance_Phi-4,polished-salad-521,run
3,0.0,170.0,34.0,28.333333333333332,94.82352941176471,40.0,"{'persona_0': 36.0, 'persona_1': 34.0, 'persona_2': 28.0, 'persona_3': 38.0, 'persona_4': 34.0}",pollution_v6.4_final,VeilOfIgnorance_Phi-4,smooth-dust-514,run
1,0.0,100.0,20.0,16.666666666666664,91.2,100.0,"{'persona_0': 25.0, 'persona_1': 17.0, 'persona_2': 17.0, 'persona_3': 18.0, 'persona_4': 23.0}",sheep_v6.4_final,Meta-Llama-2-13B,atomic-glade-89,run
1,0.0,100.0,20.0,16.666666666666664,87.6,100.0,"{'persona_0': 16.0, 'persona_1': 18.0, 'persona_2': 17.0, 'persona_3': 31.0, 'persona_4': 18.0}",sheep_v6.4_final,Meta-Llama-2-13B,glowing-tree-188,run
1,0.0,100.0,20.0,16.666666666666664,91.60000000000001,100.0,"{'persona_0': 17.0, 'persona_1': 22.0, 'persona_2': 19.0, 'persona_3': 25.0, 'persona_4': 17.0}",sheep_v6.4_final,Meta-Llama-2-13B,toasty-deluge-88,run
1,0.0,100.0,20.0,16.666666666666664,90.0,100.0,"{'persona_0': 26.0, 'persona_1': 21.0, 'persona_2': 20.0, 'persona_3': 15.0, 'persona_4': 18.0}",sheep_v6.4_final,Meta-Llama-2-13B,tough-dream-190,run
1,0.0,100.0,20.0,16.666666666666664,87.2,100.0,"{'persona_0': 18.0, 'persona_1': 20.0, 'persona_2': 29.0, 'persona_3': 14.0, 'persona_4': 19.0}",sheep_v6.4_final,Meta-Llama-2-13B,wobbly-plasma-90,run
1,0.0,100.0,20.0,16.666666666666664,80.4,80.0,"{'persona_0': 20.0, 'persona_1': 27.0, 'persona_2': 25.0, 'persona_3': 23.0, 'persona_4': 5.0}",sheep_v6.4_final,Meta-Llama-2-7B,dauntless-serenity-67,run
1,0.0,100.0,20.0,16.666666666666664,79.60000000000001,80.0,"{'persona_0': 23.0, 'persona_1': 26.0, 'persona_2': 19.0, 'persona_3': 27.0, 'persona_4': 5.0}",sheep_v6.4_final,Meta-Llama-2-7B,deep-energy-396,run
1,0.0,100.0,20.0,16.666666666666664,78.8,80.0,"{'persona_0': 29.0, 'persona_1': 20.0, 'persona_2': 21.0, 'persona_3': 25.0, 'persona_4': 5.0}",sheep_v6.4_final,Meta-Llama-2-7B,gentle-totem-64,run
1,0.0,100.0,20.0,16.666666666666664,76.0,80.0,"{'persona_0': 18.0, 'persona_1': 32.0, 'persona_2': 21.0, 'persona_3': 24.0, 'persona_4': 5.0}",sheep_v6.4_final,Meta-Llama-2-7B,logical-shape-63,run
1,0.0,100.0,20.0,16.666666666666664,78.0,80.0,"{'persona_0': 25.0, 'persona_1': 23.0, 'persona_2': 29.0, 'persona_3': 18.0, 'persona_4': 5.0}",sheep_v6.4_final,Meta-Llama-2-7B,proud-paper-399,run
1,0.0,100.0,20.0,16.666666666666664,92.80000000000001,100.0,"{'persona_0': 16.0, 'persona_1': 18.0, 'persona_2': 22.0, 'persona_3': 21.0, 'persona_4': 23.0}",sheep_v6.4_final,Meta-Llama-3-8B,decent-night-238,run
1,0.0,100.0,20.0,16.666666666666664,88.4,100.0,"{'persona_0': 21.0, 'persona_1': 15.0, 'persona_2': 25.0, 'persona_3': 15.0, 'persona_4': 24.0}",sheep_v6.4_final,Meta-Llama-3-8B,different-snow-236,run
1,0.0,100.0,20.0,16.666666666666664,90.4,100.0,"{'persona_0': 17.0, 'persona_1': 21.0, 'persona_2': 20.0, 'persona_3': 16.0, 'persona_4': 26.0}",sheep_v6.4_final,Meta-Llama-3-8B,grateful-fog-234,run
1,0.0,100.0,20.0,16.666666666666664,92.4,100.0,"{'persona_0': 21.0, 'persona_1': 23.0, 'persona_2': 22.0, 'persona_3': 15.0, 'persona_4': 19.0}",sheep_v6.4_final,Meta-Llama-3-8B,jumping-resonance-241,run
1,0.0,100.0,20.0,16.666666666666664,94.0,100.0,"{'persona_0': 19.0, 'persona_1': 24.0, 'persona_2': 17.0, 'persona_3': 20.0, 'persona_4': 20.0}",sheep_v6.4_final,Meta-Llama-3-8B,warm-snowball-243,run
1,0.0,100.0,20.0,16.666666666666664,89.60000000000001,100.0,"{'persona_0': 17.0, 'persona_1': 14.0, 'persona_2': 22.0, 'persona_3': 24.0, 'persona_4': 23.0}",sheep_v6.4_final,Mistral-7B-Instruct-v0.2,noble-pyramid-94,run
1,0.0,100.0,20.0,16.666666666666664,92.0,100.0,"{'persona_0': 23.0, 'persona_1': 23.0, 'persona_2': 17.0, 'persona_3': 16.0, 'persona_4': 21.0}",sheep_v6.4_final,Mistral-7B-Instruct-v0.2,robust-valley-65,run
1,0.0,100.0,20.0,16.666666666666664,88.0,100.0,"{'persona_0': 19.0, 'persona_1': 16.0, 'persona_2': 15.0, 'persona_3': 26.0, 'persona_4': 24.0}",sheep_v6.4_final,Mistral-7B-Instruct-v0.2,sage-butterfly-95,run
1,0.0,100.0,20.0,16.666666666666664,95.19999999999999,100.0,"{'persona_0': 19.0, 'persona_1': 23.0, 'persona_2': 19.0, 'persona_3': 18.0, 'persona_4': 21.0}",sheep_v6.4_final,Mistral-7B-Instruct-v0.2,swift-darkness-62,run
1,0.0,100.0,20.0,16.666666666666664,84.39999999999999,100.0,"{'persona_0': 23.0, 'persona_1': 30.0, 'persona_2': 14.0, 'persona_3': 17.0, 'persona_4': 16.0}",sheep_v6.4_final,Mistral-7B-Instruct-v0.2,volcanic-cherry-66,run
3,0.0,162.0,32.4,27.0,95.55555555555556,80.0,"{'persona_0': 30.0, 'persona_1': 30.0, 'persona_2': 36.0, 'persona_3': 36.0, 'persona_4': 30.0}",sheep_v6.4_final,Phi-4,denim-shadow-314,run
3,0.0,162.0,32.4,27.0,95.55555555555556,80.0,"{'persona_0': 30.0, 'persona_1': 30.0, 'persona_2': 36.0, 'persona_3': 36.0, 'persona_4': 30.0}",sheep_v6.4_final,Phi-4,distinctive-breeze-317,run
4,0.0,169.0,33.8,28.16666666666666,96.21301775147928,70.0,"{'persona_0': 31.0, 'persona_1': 31.0, 'persona_2': 37.0, 'persona_3': 35.0, 'persona_4': 35.0}",sheep_v6.4_final,Phi-4,efficient-vortex-335,run
4,0.0,171.0,34.2,28.500000000000004,92.51461988304094,80.0,"{'persona_0': 32.0, 'persona_1': 32.0, 'persona_2': 41.0, 'persona_3': 38.0, 'persona_4': 28.0}",sheep_v6.4_final,Phi-4,glad-universe-332,run
3,0.0,162.0,32.4,27.0,95.55555555555556,80.0,"{'persona_0': 30.0, 'persona_1': 30.0, 'persona_2': 36.0, 'persona_3': 36.0, 'persona_4': 30.0}",sheep_v6.4_final,Phi-4,lemon-forest-313,run
3,0.0,100.0,20.0,16.666666666666664,19.999999999999996,6.666666666666667,"{'persona_0': 0.0, 'persona_1': 0.0, 'persona_2': 100.0, 'persona_3': 0.0, 'persona_4': 0.0}",sheep_v6.4_final,Qwen2.5-7B,ethereal-glade-219,run
6,0.0,250.0,50.0,41.666666666666664,43.99999999999999,13.333333333333334,"{'persona_0': 50.0, 'persona_1': 0.0, 'persona_2': 150.0, 'persona_3': 0.0, 'persona_4': 50.0}",sheep_v6.4_final,Qwen2.5-7B,gallant-firebrand-221,run
4,0.0,110.0,22.0,18.333333333333336,27.27272727272727,10.0,"{'persona_0': 20.0, 'persona_1': 0.0, 'persona_2': 0.0, 'persona_3': 90.0, 'persona_4': 0.0}",sheep_v6.4_final,Qwen2.5-7B,icy-vortex-224,run
2,0.0,100.0,20.0,16.666666666666664,40.0,20.0,"{'persona_0': 50.0, 'persona_1': 0.0, 'persona_2': 50.0, 'persona_3': 0.0, 'persona_4': 0.0}",sheep_v6.4_final,Qwen2.5-7B,northern-sky-223,run
12,100.0,130.0,26.0,21.666666666666668,26.15384615384615,5.0,"{'persona_0': 0.0, 'persona_1': 0.0, 'persona_2': 20.0, 'persona_3': 0.0, 'persona_4': 110.0}",sheep_v6.4_final,Qwen2.5-7B,vocal-blaze-206,run
1,0.0,100.0,20.0,16.666666666666664,80.0,100.0,"{'persona_0': 15.0, 'persona_1': 27.0, 'persona_2': 15.0, 'persona_3': 12.0, 'persona_4': 31.0}",sheep_v6.4_final,Systemic_Meta-Llama-3-8B,avid-morning-458,run
1,0.0,100.0,20.0,16.666666666666664,90.8,100.0,"{'persona_0': 15.0, 'persona_1': 19.0, 'persona_2': 26.0, 'persona_3': 20.0, 'persona_4': 20.0}",sheep_v6.4_final,Systemic_Meta-Llama-3-8B,cool-puddle-452,run
1,0.0,100.0,20.0,16.666666666666664,92.4,100.0,"{'persona_0': 22.0, 'persona_1': 19.0, 'persona_2': 24.0, 'persona_3': 19.0, 'persona_4': 16.0}",sheep_v6.4_final,Systemic_Meta-Llama-3-8B,dry-valley-449,run
1,0.0,100.0,20.0,16.666666666666664,94.8,100.0,"{'persona_0': 20.0, 'persona_1': 18.0, 'persona_2': 19.0, 'persona_3': 19.0, 'persona_4': 24.0}",sheep_v6.4_final,Systemic_Meta-Llama-3-8B,lemon-cosmos-455,run
1,0.0,100.0,20.0,16.666666666666664,88.8,100.0,"{'persona_0': 15.0, 'persona_1': 16.0, 'persona_2': 25.0, 'persona_3': 20.0, 'persona_4': 24.0}",sheep_v6.4_final,Systemic_Meta-Llama-3-8B,valiant-armadillo-447,run
1,0.0,100.0,20.0,16.666666666666664,88.0,100.0,"{'persona_0': 19.0, 'persona_1': 20.0, 'persona_2': 27.0, 'persona_3': 21.0, 'persona_4': 13.0}",sheep_v6.4_final,Systemic_Mistral-7B-Instruct-v0.2,cool-feather-562,run
1,0.0,100.0,20.0,16.666666666666664,86.8,100.0,"{'persona_0': 22.0, 'persona_1': 15.0, 'persona_2': 20.0, 'persona_3': 15.0, 'persona_4': 28.0}",sheep_v6.4_final,Systemic_Mistral-7B-Instruct-v0.2,golden-donkey-564,run
1,0.0,100.0,20.0,16.666666666666664,90.4,100.0,"{'persona_0': 19.0, 'persona_1': 18.0, 'persona_2': 20.0, 'persona_3': 27.0, 'persona_4': 16.0}",sheep_v6.4_final,Systemic_Mistral-7B-Instruct-v0.2,royal-haze-566,run
1,0.0,100.0,20.0,16.666666666666664,93.19999999999999,100.0,"{'persona_0': 20.0, 'persona_1': 21.0, 'persona_2': 15.0, 'persona_3': 21.0, 'persona_4': 23.0}",sheep_v6.4_final,Systemic_Mistral-7B-Instruct-v0.2,silver-universe-568,run
1,0.0,100.0,20.0,16.666666666666664,94.8,100.0,"{'persona_0': 20.0, 'persona_1': 24.0, 'persona_2': 19.0, 'persona_3': 19.0, 'persona_4': 18.0}",sheep_v6.4_final,Systemic_Mistral-7B-Instruct-v0.2,vibrant-haze-560,run
12,100.0,600.0,120.0,100.0,100.0,0.0,"{'persona_0': 120.0, 'persona_1': 120.0, 'persona_2': 120.0, 'persona_3': 120.0, 'persona_4': 120.0}",sheep_v6.4_final,Systemic_Phi-4,fallen-smoke-444,run
5,0.0,225.0,45.0,37.5,95.91111111111111,80.0,"{'persona_0': 43.0, 'persona_1': 44.0, 'persona_2': 53.0, 'persona_3': 43.0, 'persona_4': 42.0}",sheep_v6.4_final,Systemic_Phi-4,light-voice-524,run
5,0.0,225.0,45.0,37.5,97.33333333333334,76.0,"{'persona_0': 42.0, 'persona_1': 44.0, 'persona_2': 47.0, 'persona_3': 44.0, 'persona_4': 48.0}",sheep_v6.4_final,Systemic_Phi-4,rich-pyramid-481,run
5,0.0,222.0,44.4,37.0,98.01801801801801,84.0,"{'persona_0': 44.0, 'persona_1': 44.0, 'persona_2': 48.0, 'persona_3': 43.0, 'persona_4': 43.0}",sheep_v6.4_final,Systemic_Phi-4,royal-vortex-512,run
12,100.0,600.0,120.0,100.0,100.0,0.0,"{'persona_0': 120.0, 'persona_1': 120.0, 'persona_2': 120.0, 'persona_3': 120.0, 'persona_4': 120.0}",sheep_v6.4_final,Systemic_Phi-4,volcanic-water-518,run
1,0.0,100.0,20.0,16.666666666666664,95.19999999999999,100.0,"{'persona_0': 23.0, 'persona_1': 19.0, 'persona_2': 21.0, 'persona_3': 18.0, 'persona_4': 19.0}",sheep_v6.4_final,Univ_alt_Meta-Llama-3-8B,cool-elevator-451,run
1,0.0,100.0,20.0,16.666666666666664,85.6,100.0,"{'persona_0': 21.0, 'persona_1': 26.0, 'persona_2': 15.0, 'persona_3': 13.0, 'persona_4': 25.0}",sheep_v6.4_final,Univ_alt_Meta-Llama-3-8B,gentle-rain-461,run
1,0.0,100.0,20.0,16.666666666666664,86.4,100.0,"{'persona_0': 16.0, 'persona_1': 18.0, 'persona_2': 15.0, 'persona_3': 22.0, 'persona_4': 29.0}",sheep_v6.4_final,Univ_alt_Meta-Llama-3-8B,lunar-butterfly-454,run
1,0.0,100.0,20.0,16.666666666666664,83.6,100.0,"{'persona_0': 15.0, 'persona_1': 19.0, 'persona_2': 34.0, 'persona_3': 16.0, 'persona_4': 16.0}",sheep_v6.4_final,Univ_alt_Meta-Llama-3-8B,toasty-voice-457,run
1,0.0,100.0,20.0,16.666666666666664,82.4,100.0,"{'persona_0': 17.0, 'persona_1': 28.0, 'persona_2': 28.0, 'persona_3': 13.0, 'persona_4': 14.0}",sheep_v6.4_final,Univ_alt_Meta-Llama-3-8B,vocal-sound-459,run
1,0.0,100.0,20.0,16.666666666666664,77.60000000000001,80.0,"{'persona_0': 15.0, 'persona_1': 31.0, 'persona_2': 15.0, 'persona_3': 10.0, 'persona_4': 29.0}",sheep_v6.4_final,Univ_alt_Mistral-7B-Instruct-v0.2,driven-night-582,run
1,0.0,100.0,20.0,16.666666666666664,76.0,80.0,"{'persona_0': 15.0, 'persona_1': 35.0, 'persona_2': 15.0, 'persona_3': 10.0, 'persona_4': 25.0}",sheep_v6.4_final,Univ_alt_Mistral-7B-Instruct-v0.2,fiery-monkey-579,run
1,0.0,100.0,20.0,16.666666666666664,72.0,80.0,"{'persona_0': 30.0, 'persona_1': 27.0, 'persona_2': 15.0, 'persona_3': 1.0, 'persona_4': 27.0}",sheep_v6.4_final,Univ_alt_Mistral-7B-Instruct-v0.2,genial-durian-583,run
1,0.0,100.0,20.0,16.666666666666664,78.8,60.0,"{'persona_0': 27.0, 'persona_1': 10.0, 'persona_2': 28.0, 'persona_3': 10.0, 'persona_4': 25.0}",sheep_v6.4_final,Univ_alt_Mistral-7B-Instruct-v0.2,glad-glitter-580,run
1,0.0,100.0,20.0,16.666666666666664,70.39999999999999,80.0,"{'persona_0': 25.0, 'persona_1': 30.0, 'persona_2': 14.0, 'persona_3': 1.0, 'persona_4': 30.0}",sheep_v6.4_final,Univ_alt_Mistral-7B-Instruct-v0.2,resilient-brook-581,run
12,100.0,600.0,120.0,100.0,98.66666666666667,1.6666666666666667,"{'persona_0': 115.0, 'persona_1': 120.0, 'persona_2': 120.0, 'persona_3': 120.0, 'persona_4': 125.0}",sheep_v6.4_final,Univ_alt_Phi-4,exalted-yogurt-463,run
12,100.0,600.0,120.0,100.0,98.66666666666667,1.6666666666666667,"{'persona_0': 115.0, 'persona_1': 120.0, 'persona_2': 120.0, 'persona_3': 120.0, 'persona_4': 125.0}",sheep_v6.4_final,Univ_alt_Phi-4,generous-jazz-520,run
3,0.0,163.0,32.6,27.16666666666666,92.14723926380368,73.33333333333333,"{'persona_0': 27.0, 'persona_1': 32.0, 'persona_2': 42.0, 'persona_3': 32.0, 'persona_4': 30.0}",sheep_v6.4_final,Univ_alt_Phi-4,sage-frost-510,run
3,0.0,158.0,31.6,26.333333333333332,86.83544303797468,53.333333333333336,"{'persona_0': 21.0, 'persona_1': 28.0, 'persona_2': 42.0, 'persona_3': 29.0, 'persona_4': 38.0}",sheep_v6.4_final,Univ_alt_Phi-4,true-morning-516,run
12,100.0,356.0,71.2,59.33333333333333,95.73033707865169,6.666666666666667,"{'persona_0': 67.0, 'persona_1': 68.0, 'persona_2': 85.0, 'persona_3': 67.0, 'persona_4': 69.0}",sheep_v6.4_final,Univ_alt_Phi-4,vibrant-shadow-525,run
1,0.0,100.0,20.0,16.666666666666664,67.19999999999999,60.0,"{'persona_0': 20.0, 'persona_1': 5.0, 'persona_2': 37.0, 'persona_3': 10.0, 'persona_4': 28.0}",sheep_v6.4_final,Univ_Meta-Llama-2-7B,divine-wind-411,run
1,0.0,100.0,20.0,16.666666666666664,68.8,60.0,"{'persona_0': 33.0, 'persona_1': 32.0, 'persona_2': 20.0, 'persona_3': 5.0, 'persona_4': 10.0}",sheep_v6.4_final,Univ_Meta-Llama-2-7B,honest-morning-409,run
2,0.0,110.0,22.0,18.333333333333336,55.63636363636364,40.0,"{'persona_0': 25.0, 'persona_1': 7.0, 'persona_2': 7.0, 'persona_3': 12.0, 'persona_4': 59.0}",sheep_v6.4_final,Univ_Meta-Llama-2-7B,lively-haze-413,run
1,0.0,100.0,20.0,16.666666666666664,56.00000000000001,40.0,"{'persona_0': 35.0, 'persona_1': 5.0, 'persona_2': 45.0, 'persona_3': 5.0, 'persona_4': 10.0}",sheep_v6.4_final,Univ_Meta-Llama-2-7B,still-morning-410,run
1,0.0,100.0,20.0,16.666666666666664,54.0,40.0,"{'persona_0': 30.0, 'persona_1': 5.0, 'persona_2': 50.0, 'persona_3': 5.0, 'persona_4': 10.0}",sheep_v6.4_final,Univ_Meta-Llama-2-7B,super-grass-412,run
4,0.0,221.0,44.2,36.83333333333333,84.43438914027149,20.0,"{'persona_0': 62.0, 'persona_1': 28.0, 'persona_2': 34.0, 'persona_3': 45.0, 'persona_4': 52.0}",sheep_v6.4_final,Univ_Meta-Llama-3-8B,iconic-cloud-295,run
1,0.0,100.0,20.0,16.666666666666664,60.0,20.0,"{'persona_0': 10.0, 'persona_1': 10.0, 'persona_2': 10.0, 'persona_3': 10.0, 'persona_4': 60.0}",sheep_v6.4_final,Univ_Meta-Llama-3-8B,northern-energy-289,run
1,0.0,100.0,20.0,16.666666666666664,67.19999999999999,40.0,"{'persona_0': 36.0, 'persona_1': 8.0, 'persona_2': 10.0, 'persona_3': 10.0, 'persona_4': 36.0}",sheep_v6.4_final,Univ_Meta-Llama-3-8B,splendid-tree-291,run
1,0.0,100.0,20.0,16.666666666666664,56.800000000000004,20.0,"{'persona_0': 10.0, 'persona_1': 8.0, 'persona_2': 10.0, 'persona_3': 10.0, 'persona_4': 62.0}",sheep_v6.4_final,Univ_Meta-Llama-3-8B,sweet-cherry-292,run
1,0.0,100.0,20.0,16.666666666666664,56.800000000000004,20.0,"{'persona_0': 62.0, 'persona_1': 8.0, 'persona_2': 10.0, 'persona_3': 10.0, 'persona_4': 10.0}",sheep_v6.4_final,Univ_Meta-Llama-3-8B,zany-energy-293,run
1,0.0,100.0,20.0,16.666666666666664,61.6,60.0,"{'persona_0': 23.0, 'persona_1': 28.0, 'persona_2': 10.0, 'persona_3': 39.0, 'persona_4': 0.0}",sheep_v6.4_final,Univ_Mistral-7B-Instruct-v0.2,avid-star-343,run
1,0.0,100.0,20.0,16.666666666666664,85.2,80.0,"{'persona_0': 27.0, 'persona_1': 23.0, 'persona_2': 10.0, 'persona_3': 20.0, 'persona_4': 20.0}",sheep_v6.4_final,Univ_Mistral-7B-Instruct-v0.2,hardy-sponge-341,run
1,0.0,100.0,20.0,16.666666666666664,79.60000000000001,80.0,"{'persona_0': 20.0, 'persona_1': 31.0, 'persona_2': 10.0, 'persona_3': 15.0, 'persona_4': 24.0}",sheep_v6.4_final,Univ_Mistral-7B-Instruct-v0.2,likely-voice-339,run
1,0.0,100.0,20.0,16.666666666666664,58.80000000000001,60.0,"{'persona_0': 43.0, 'persona_1': 20.0, 'persona_2': 10.0, 'persona_3': 27.0, 'persona_4': 0.0}",sheep_v6.4_final,Univ_Mistral-7B-Instruct-v0.2,lilac-rain-340,run
1,0.0,100.0,20.0,16.666666666666664,94.39999999999999,100.0,"{'persona_0': 23.0, 'persona_1': 19.0, 'persona_2': 20.0, 'persona_3': 17.0, 'persona_4': 21.0}",sheep_v6.4_final,Univ_Mistral-7B-Instruct-v0.2,solar-frog-342,run
12,100.0,600.0,120.0,100.0,100.0,0.0,"{'persona_0': 120.0, 'persona_1': 120.0, 'persona_2': 120.0, 'persona_3': 120.0, 'persona_4': 120.0}",sheep_v6.4_final,Univ_Phi-4,avid-capybara-542,run
12,100.0,600.0,120.0,100.0,100.0,0.0,"{'persona_0': 120.0, 'persona_1': 120.0, 'persona_2': 120.0, 'persona_3': 120.0, 'persona_4': 120.0}",sheep_v6.4_final,Univ_Phi-4,dainty-resonance-541,run
12,100.0,600.0,120.0,100.0,100.0,0.0,"{'persona_0': 120.0, 'persona_1': 120.0, 'persona_2': 120.0, 'persona_3': 120.0, 'persona_4': 120.0}",sheep_v6.4_final,Univ_Phi-4,ethereal-silence-539,run
12,100.0,600.0,120.0,100.0,100.0,0.0,"{'persona_0': 120.0, 'persona_1': 120.0, 'persona_2': 120.0, 'persona_3': 120.0, 'persona_4': 120.0}",sheep_v6.4_final,Univ_Phi-4,ruby-planet-538,run
12,100.0,600.0,120.0,100.0,100.0,0.0,"{'persona_0': 120.0, 'persona_1': 120.0, 'persona_2': 120.0, 'persona_3': 120.0, 'persona_4': 120.0}",sheep_v6.4_final,Univ_Phi-4,skilled-darkness-537,run
1,0.0,100.0,20.0,16.666666666666664,86.4,100.0,"{'persona_0': 14.0, 'persona_1': 27.0, 'persona_2': 19.0, 'persona_3': 16.0, 'persona_4': 24.0}",sheep_v6.4_final,VeilOfIgnorance_Meta-Llama-3-8B,bright-water-453,run
1,0.0,100.0,20.0,16.666666666666664,96.0,100.0,"{'persona_0': 22.0, 'persona_1': 18.0, 'persona_2': 21.0, 'persona_3': 20.0, 'persona_4': 19.0}",sheep_v6.4_final,VeilOfIgnorance_Meta-Llama-3-8B,classic-dawn-445,run
1,0.0,100.0,20.0,16.666666666666664,92.4,100.0,"{'persona_0': 18.0, 'persona_1': 19.0, 'persona_2': 25.0, 'persona_3': 17.0, 'persona_4': 21.0}",sheep_v6.4_final,VeilOfIgnorance_Meta-Llama-3-8B,fluent-gorge-450,run
1,0.0,100.0,20.0,16.666666666666664,91.2,100.0,"{'persona_0': 21.0, 'persona_1': 19.0, 'persona_2': 20.0, 'persona_3': 15.0, 'persona_4': 25.0}",sheep_v6.4_final,VeilOfIgnorance_Meta-Llama-3-8B,glorious-terrain-448,run
1,0.0,100.0,20.0,16.666666666666664,83.2,100.0,"{'persona_0': 23.0, 'persona_1': 17.0, 'persona_2': 12.0, 'persona_3': 30.0, 'persona_4': 18.0}",sheep_v6.4_final,VeilOfIgnorance_Meta-Llama-3-8B,sage-wave-446,run
1,0.0,100.0,20.0,16.666666666666664,89.60000000000001,100.0,"{'persona_0': 16.0, 'persona_1': 27.0, 'persona_2': 19.0, 'persona_3': 21.0, 'persona_4': 17.0}",sheep_v6.4_final,VeilOfIgnorance_Mistral-7B-Instruct-v0.2,breezy-gorge-559,run
1,0.0,100.0,20.0,16.666666666666664,85.6,100.0,"{'persona_0': 26.0, 'persona_1': 16.0, 'persona_2': 27.0, 'persona_3': 14.0, 'persona_4': 17.0}",sheep_v6.4_final,VeilOfIgnorance_Mistral-7B-Instruct-v0.2,classic-snow-555,run
1,0.0,100.0,20.0,16.666666666666664,86.8,100.0,"{'persona_0': 22.0, 'persona_1': 21.0, 'persona_2': 13.0, 'persona_3': 27.0, 'persona_4': 17.0}",sheep_v6.4_final,VeilOfIgnorance_Mistral-7B-Instruct-v0.2,polished-fire-557,run
1,0.0,100.0,20.0,16.666666666666664,84.0,100.0,"{'persona_0': 19.0, 'persona_1': 23.0, 'persona_2': 12.0, 'persona_3': 29.0, 'persona_4': 17.0}",sheep_v6.4_final,VeilOfIgnorance_Mistral-7B-Instruct-v0.2,rose-cloud-561,run
1,0.0,100.0,20.0,16.666666666666664,92.0,100.0,"{'persona_0': 19.0, 'persona_1': 15.0, 'persona_2': 21.0, 'persona_3': 24.0, 'persona_4': 21.0}",sheep_v6.4_final,VeilOfIgnorance_Mistral-7B-Instruct-v0.2,tough-voice-552,run
1,0.0,100.0,20.0,16.666666666666664,78.8,60.0,"{'persona_0': 25.0, 'persona_1': 28.0, 'persona_2': 10.0, 'persona_3': 10.0, 'persona_4': 27.0}",sheep_v6.4_final,VeilOfIgnorance_Phi-4,cerulean-sea-460,run
1,0.0,100.0,20.0,16.666666666666664,81.2,80.0,"{'persona_0': 24.0, 'persona_1': 29.0, 'persona_2': 22.0, 'persona_3': 10.0, 'persona_4': 15.0}",sheep_v6.4_final,VeilOfIgnorance_Phi-4,dark-yogurt-462,run
1,0.0,100.0,20.0,16.666666666666664,86.8,100.0,"{'persona_0': 29.0, 'persona_1': 20.0, 'persona_2': 19.0, 'persona_3': 19.0, 'persona_4': 13.0}",sheep_v6.4_final,VeilOfIgnorance_Phi-4,deep-fog-464,run
1,0.0,100.0,20.0,16.666666666666664,92.4,100.0,"{'persona_0': 15.0, 'persona_1': 21.0, 'persona_2': 24.0, 'persona_3': 20.0, 'persona_4': 20.0}",sheep_v6.4_final,VeilOfIgnorance_Phi-4,flowing-serenity-456,run
1,0.0,100.0,20.0,16.666666666666664,79.2,80.0,"{'persona_0': 32.0, 'persona_1': 20.0, 'persona_2': 23.0, 'persona_3': 10.0, 'persona_4': 15.0}",sheep_v6.4_final,VeilOfIgnorance_Phi-4,sandy-cloud-465,run
1.0  0.0,0.0  0.0,,20.0  0.0,16.667  0.0,70.32  2.874,44.0  7.84,{},,DeepSeek-R1-Distill-Llama-8B,,model_mean
1.0  0.0,0.0  0.0,,20.0  0.0,16.667  0.0,75.813  10.374,80.0  14.816,{},,Meta-Llama-2-13B,,model_mean
1.0  0.0,0.0  0.0,,20.0  0.0,16.667  0.0,75.2  7.957,80.0  8.554,{},,Meta-Llama-2-7B,,model_mean
1.333  0.247,0.0  0.0,,20.667  0.494,17.222  0.412,80.478  9.068,84.0  9.331,{},,Meta-Llama-3-8B,,model_mean
1.0  0.0,0.0  0.0,,20.0  0.0,16.667  0.0,74.4  7.542,78.667  11.131,{},,Mistral-7B-Instruct-v0.2,,model_mean
5.8  2.321,33.333  24.694,,58.347  22.96,48.622  19.133,87.669  7.399,45.333  17.412,{},,Phi-4,,model_mean
5.067  1.571,6.667  13.067,,26.44  3.993,22.033  3.327,27.356  4.309,9.477  2.35,{},,Qwen2.5-7B,,model_mean
5.0  3.561,0.0  0.0,,52.04  32.836,43.367  27.364,83.875  8.312,40.2  15.847,{},,Systemic_DeepSeek-R1-Distill-Llama-8B,,model_mean
2.067  0.557,0.0  0.0,,25.12  3.245,20.933  2.704,85.573  2.742,80.222  10.31,{},,Systemic_Meta-Llama-3-8B,,model_mean
1.133  0.178,0.0  0.0,,20.373  0.59,16.978  0.492,77.399  5.899,79.333  9.84,{},,Systemic_Mistral-7B-Instruct-v0.2,,model_mean
6.133  2.27,33.333  24.694,,51.973  17.019,43.311  14.183,90.788  4.836,46.667  16.398,{},,Systemic_Phi-4,,model_mean
8.8  3.79,40.0  48.01,,86.4  33.087,72.0  27.572,85.932  13.915,5.411  3.791,{},,Univ_DeepSeek-R1-Distill-Llama-8B,,model_mean
1.067  0.131,0.0  0.0,,20.133  0.261,16.778  0.218,76.669  6.752,70.667  10.025,{},,Univ_Meta-Llama-2-7B,,model_mean
6.867  2.388,40.0  25.662,,43.547  11.091,36.289  9.243,74.92  7.642,14.295  5.39,{},,Univ_Meta-Llama-3-8B,,model_mean
2.333  1.375,0.0  0.0,,28.467  8.586,23.722  7.155,66.18  7.409,51.117  11.669,{},,Univ_Mistral-7B-Instruct-v0.2,,model_mean
12.0  0.0,100.0  0.0,,110.547  7.372,92.122  6.143,98.304  1.461,1.333  1.322,{},,Univ_Phi-4,,model_mean
5.4  3.429,20.0  39.2,,49.68  17.553,41.4  14.627,77.419  10.247,21.067  16.469,{},,Univ_alt_DeepSeek-R1-Distill-Llama-8B,,model_mean
2.333  1.453,6.667  13.067,,27.373  6.635,22.811  5.529,85.995  4.696,81.889  14.267,{},,Univ_alt_Meta-Llama-3-8B,,model_mean
2.067  1.487,6.667  13.067,,25.253  7.797,21.044  6.498,77.311  5.15,70.933  14.481,{},,Univ_alt_Mistral-7B-Instruct-v0.2,,model_mean
8.933  2.055,60.0  25.662,,73.147  18.756,60.956  15.63,94.321  3.013,23.137  12.734,{},,Univ_alt_Phi-4,,model_mean
2.6  0.784,0.0  0.0,,30.44  5.764,25.367  4.804,76.878  10.892,52.0  14.403,{},,VeilOfIgnorance_DeepSeek-R1-Distill-Llama-8B,,model_mean
1.067  0.131,0.0  0.0,,20.267  0.523,16.889  0.436,84.249  4.925,92.667  5.566,{},,VeilOfIgnorance_Meta-Llama-3-8B,,model_mean
1.0  0.0,0.0  0.0,,20.0  0.0,16.667  0.0,84.053  5.478,93.333  6.247,{},,VeilOfIgnorance_Mistral-7B-Instruct-v0.2,,model_mean
5.467  2.302,26.667  23.165,,52.747  19.235,43.956  16.03,91.565  3.931,46.156  18.208,{},,VeilOfIgnorance_Phi-4,,model_mean
